s.no,Text in Hindi,Text in English,Is Correct,Comment
1,"दिल्लीवासियों पर बाढ़ का खतरा, एक बार फिर खतरे के निशान के पार पहुंचा यमुना नदी का जलस्तर","Flood threat to Delhiites, once again the water level of Yamuna river crossed the danger mark",TRUE,
2,"जयराम रमेश ने मोदी सरकारी पर आरोप लगाते हुए कहा कि उनका एकमात्र एजेंडा नेहरू और उनकी विरासत नकारना, बदनाम और नष्ट करना है।
","Jairam Ramesh accused the Modi government, saying that their only agenda is to deny, defame and destroy Nehru and his legacy.",TRUE,
3,"हिमाचल प्रदेश में पिछले 72 घंटों से लगातार जारी रही बारिश ने तबाही मचा दी है। मीडिया रिपोर्ट के मुताबिक, जगह-जगह बादल फटने और भूस्खलन से अब तक 58 लोगों की मौत गई।","In Himachal Pradesh, continuous rains for the last 72 hours have created havoc. According to media reports, 58 people have died so far due to cloudbursts and landslides at various places.",TRUE,
4,वृंदावन में बांके बिहारी मंदिर के पास ढह गई पुरानी बिल्डिंग,Old building collapsed near Banke Bihari temple in Vrindavan,TRUE,
5,"पाकिस्तान की कार्यवाहक सरकार ने देश में पेट्रोल का दाम  बढ़ाकर 290.45 रुपये प्रति लीटर कर दिया गया है, हाई स्पीड डीजल की कीमतें 20 रुपये","The caretaker government of Pakistan has increased the price of petrol in the country to Rs 290.45 per liter, high speed diesel prices by Rs 20.",,It's not clear from the Hindi text whether the high speed diesel prices are made 20 rupees or increased by 20 rupees.
6,5 दिन बाद भी गदर 2 का क्रेज लोगों के सिर चढ़कर बोल रहा है. इंडिपेंडेंस डे पर ताबड़तोड़ कलेक्शन कर गदर 2 ने इतिहास रच दिया है.,"Even after 5 days, the craze of Gadar 2 is talking on the heads of the people. Gadar 2 has created history by making a tremendous collection on Independence Day.",TRUE,
7,टीम इंडिया के लिए टी20 सीरीज में तीन खिलाड़ियों ने डेब्यू किया। यशस्वी जायसवाल के अलावा तिलक वर्मा और मुकेश कुमार को खेलने का मौका मिला।,"Three players made their debut in the T20 series for Team India. Apart from Yashasvi Jaiswal, Tilak Verma and Mukesh Kumar got a chance to play.",TRUE,
8,"हवाई स्थित माउई के जंगलों में पिछले हफ्ते से ही भीषण आग लगी है। इस आग को अमेरिका के 100 वर्षों के इतिहास में सबसे भीषण आग करार दिया गया है, जिसकी चपेट में आकर 99 लोगों की जान जा चुकी है। ","There has been a fierce fire in the forests of Maui in Hawaii since last week. This fire has been termed as the worst fire in the history of America in 100 years, due to which 99 people have lost their lives.",TRUE,
9, मेसी का इंटर मियामी के लिए यह छठा मैच था। उन्होंने सभी मुकाबले लीग कप में ही खेले हैं। उन्हें अभी तक मेजर लीग सॉकर में डेब्यू करने का मौका नहीं मिला है। मेसी ने छह मैच में नौ गोल दाग दिए हैं।,This was Messi's sixth match for Inter Miami. He has played all the matches in the league cup only. He is yet to make his debut in Major League Soccer. Messi has scored nine goals in six matches.,TRUE,
10,"एलन मस्क और मार्क जुकरबर्ग के बीच होने वाली फाइट की खबर से सोशल मीडिया पर खलबली मची हुई है। यह उम्मीद की जा रही है कि दोनों के बीच रिंग में फाइट देखना काफी रोमांचक होगा। हालांकि, लड़ाई को लेकर इन दोनों के बीच आरोप-प्रत्यारोप जारी हैं।","The news of the fight between Elon Musk and Mark Zuckerberg has created panic on social media. It is expected that the fight between the two will be very exciting to watch in the ring. However, allegations and counter-allegations continue between the two regarding the fight.",TRUE,
11,ट्रैविस किंग उत्तर और दक्षिण कोरिया के बीच की सीमा संयुक्त सुरक्षा क्षेत्र  के अपने दौरे को दौरान उत्तर कोरिया में दाखिल हुआ था। अमेरिकी अधिकारियों ने कहा कि सैनिक ने जानबूझकर सीमा पार की और उसे युद्ध बंदी के रूप में वर्गीकृत करने से इनकार कर दिया।,"Travis King entered North Korea during his visit to the Joint Security Area, the border between North and South Korea. US officials said the soldier intentionally crossed the border and refused to classify him as a prisoner of war.",TRUE,
12,"बॉलीवुड एक्ट्रेस सुष्मिता सेन इन दिनों अपनी नई वेब सीरीज 'ताली' लेकर सुर्खियों में बनी हुई हैं। क्राइम थ्रिलर शो 'आर्या' में अपनी दमदार वापसी के बाद सुष्मिता 'ताली' में ट्रांसजेंडर कार्यकर्ता श्रीगौरी सावंत की भूमिका निभा रही हैं। 
","Bollywood actress Sushmita Sen is in headlines these days for her new web series 'Tali'. After making a strong comeback in the crime thriller show 'Aarya', Sushmita will be seen playing the role of transgender activist Shree Gauri Sawant in 'Taali'.",TRUE,
13,एआई के जमाने में आपका लगातार अपग्रेड रहना काफी जरूरी है क्योंकि एआई का क्षेत्र काफी तेजी से डेवलप हो रहा है। ऐसे में एआई से जुड़े जो नई तकनीकें आ रही हैं। उससे आपको अपडेट रहना चाहिए। ,"In the era of AI, it is very important for you to be constantly upgraded because the field of AI is developing very fast. In such a situation, the new technologies related to AI are coming. You should stay updated with that.",TRUE,
14,"अगस्त का महीना चल रहा है। इस महीने में कभी तो तेज धूप निकल रही है, कभी तेज बारिश हो रही है। बारिश के बाद होने वाली उमस की वजह से लोगों को काफी परेशानी हो रही है। इस परेशानी का सीधा असर लोगों की त्वचा पर दिखाई दे रहा है। बदलते मौसम की वजह से ही त्वचा पर रूखापन नजर आने लगा है। ","The month of August is going on. In this month, sometimes there is strong sunshine, sometimes it is raining heavily. Due to the humidity after the rains, people are facing a lot of trouble. The direct effect of this problem is visible on the skin of the people. Due to the changing weather, dryness has started appearing on the skin.",TRUE,
15,"एसएससी जेई (सिविल, मैकेनिकल और इलेक्ट्रिकल) के पदों पर भर्ती के लिए आवेदन की प्रक्रिया 26 जुलाई, 2023 से चल रही है। ","The process of application for recruitment to the posts of SSC JE (Civil, Mechanical and Electrical) is going on from July 26, 2023.",TRUE,
16,इस साल अक्टूबर-नवंबर में होने वाले वनडे वर्ल्ड कप 2023 के दौरान भारत और पाकिस्तान के बीच महामुकाबला होने वाला है. यह मैच 15 की बजाए एक दिन पहले यानी 14 अक्टूबर को अहमदाबाद के नरेंद्र मोदी स्टेडियम में खेला जाएगा. ,"During the ODI World Cup 2023 to be held in October-November this year, there is going to be a big match between India and Pakistan. Instead of 15, this match will be played a day earlier i.e. on October 14 at the Narendra Modi Stadium in Ahmedabad.",TRUE,
17,वेस्टइंडीज दौरे के बाद अब भारतीय टीम को वर्ल्ड कप 2023 से पहले एशिया कप और ऑस्ट्रेलिया के खिलाफ वनडे सीरीज खेलना है. मगर अब तक टीम इंडिया को नंबर-4 पोजिशन के लिए परफेक्ट बल्लेबाज नहीं मिल सका. मगर टी20 में धमाकेदार प्रदर्शन करने वाले तिलक वर्मा ने टीम मैनेजमेंट को एक शानदार ऑप्शन दिया है,"After the West Indies tour, the Indian team now has to play the Asia Cup and the ODI series against Australia before the 2023 World Cup. But till now Team India could not find the perfect batsman for number-4 position. But Tilak Verma, who performed well in T20, has given a great option to the team management.",TRUE,
18,"भारतीय टीम को अब आयरलैंड के खिलाफ उसी के घर में तीन मैचों की टी20 सीरीज खेलना है. इसकी लिए टीम वहां पहुंच भी गई है. यह तीनों मैच 18, 20 और 23 अगस्त  को डबलिन में होंगे. ये भारत की आयररिश टीम के खिलाफ तीसरी द्विपक्षीय टी20 सीरीज हैं. अभी तक भारत का प्रदर्शन आयरलैंड के खिलाफ बहुत ही शानदार रहा है.
","The Indian team now has to play a three-match T20 series against Ireland at their home. For this the team has also reached there. All these three matches will be held in Dublin on 18, 20 and 23 August. This is India's third bilateral T20 series against the Irish team. So far India's performance against Ireland has been excellent.",TRUE,
19,"ब्राजील के सुपरस्टार फुटबॉल खिलाड़ी नेमार जूनियर का सऊदी अरब के फुटबॉल क्लब अल हिलाल के साथ जुड़ने का आधिकारिक एलान 15 अगस्त को कर दिया गया. इससे पहले नेमार पेरिस सेंट-जर्मेन से खेल रहे थे.
","The official announcement of Brazilian superstar football player Neymar Jr's association with Saudi Arabia's football club Al Hilal was made on 15 August. Earlier, Neymar was playing with Paris Saint-Germain.",TRUE,
20,"आयुर्वेदिक जड़ी बूटियों के सही संयोजन से कब्ज, गैस, अपच और डकार जैसी लंबे समय तक चलने वाली पेट संबंधी समस्याओं से काफी हद तक राहत मिल सकती है।","The right combination of Ayurvedic herbs can provide relief from long-standing stomach related problems like constipation, gas, indigestion and belching to a great extent.",TRUE,
21,"इंग्लैंड के ऑलराउंडर क्रिस वोक्स को आईसीसी मेंस प्लेयर ऑफ द मंथ चुना गया है. वहीं, ऑस्ट्रेलिया की एश्ले गार्डेनर को आईसीसी वीमेंस प्लेयर ऑफ द मंथ से नवाजा गया है.","England all-rounder Chris Woakes has been selected as the ICC Men's Player of the Month. At the same time, Australia's Ashley Gardener has been awarded the ICC Women's Player of the Month.",TRUE,
22,एशियन गेम्स 2023 से पहले भारत के लिए एक बुरी खबर सामने आई है. स्टार महिला रेसलर विनेश फोगाट चोटिल हो गई हैं और इसी कारण एशियन गेम्स से बाहर हो गई हैं.,"Before the Asian Games 2023, a bad news has come out for India. Star female wrestler Vinesh Phogat has been injured and that is why she is out of the Asian Games.",TRUE,
23,"फुटबॉल ख‍िलाड़‍ियों संग एक शर्मनाक घटना सामने आई है. दरअसल, टीम बस देरी से पहुंची तो ख‍िलाड़ी रिक्शे से स्टेडियम में पहुंचे. अब इस मामले में ईस्ट बंगाल फुटबॉल क्लब से जुड़े आला अध‍िकारियों ने नाराजगी जताई है. ","A shameful incident has come to light with football players. Actually, when the team bus reached late, the players reached the stadium by rickshaw. Now the top officials associated with the East Bengal Football Club have expressed their displeasure in this matter.",TRUE,
24,न्यूजीलैंड के कप्तान केन विलियमसन आज (8 अगस्त) अपना 33वां बर्थडे सेलिब्रेट कर रहे हैं. विलियमसन को आधुनिक दौर के सर्वश्रेष्ठ बल्लेबाजों में से एक माना जाता है. टी20 क्रिकेट के इस युग में जहां ज्यादातर बल्लेबाज नए-नए शॉट्स ईजाद करते हैं. इसके विपरीत विलियमसन ने अपनी कॉपी बुक  वाली बैटिंग शैली मे कोई बदलाव नहीं किया. उन्हें अपने तकनीक पर हमेशा भरोसा रहता है.,"New Zealand captain Kane Williamson is celebrating his 33rd birthday today (8 August). Williamson is considered one of the best batsmen of the modern era. In this era of T20 cricket where most of the batsmen invent new shots. In contrast, Williamson did not change his copy book batting style. He always has faith in his technique.",TRUE,
25,"सोशल मीडिया पर एक भयानक वीडियो वायरल हो रहा है. यूं तो आपने मगरमच्छ को पानी के अंदर से निकलते देखा होगा, लेकिन इस वीडियो में आप मगरमच्छ को जमीन के अंदर से निकलते हुए देखेंगे.","A horrifying video is going viral on social media. Although you must have seen the crocodile coming out from inside the water, but in this video you will see the crocodile coming out from inside the ground.",TRUE,
26,मार्केटा वोंड्रोसोवा ने विम्बलडन 2023 चैम्पियनशिप में वूमेन्स सिंगल्स का खिताब जीत लिया है.,Marketa Vondrousova has won the Women's Singles title at the Wimbledon 2023 Championship.,TRUE,
27,साग सब्जियों की कीमतें खासतौर से महंगे टमाटर के चलते खाद्य महंगाई दर जुलाई 2023 में 11.51 फीसदी पर जा पहुंची है. अब सरकार ने आम लोगों को राहत देने के लिए 50 रुपये प्रति किलो में टमाटर बेचने का फैसला किया है. 15 अगस्त 2023 से स्वतंत्रता दिवस के शुभ अवसर पर सरकार ने 50 रुपये प्रति किलो में टमाटर बेचने का फैसला किया है. डिपार्टमेंट ऑफ कंज्यूमर अफेयर्स ने एनसीसीएफ  और नेफेड को 50 रुपये प्रति किलो में टमाटर बेचने के निर्देश दिये हैं.  ,"The food inflation rate has reached 11.51 percent in July 2023 due to the prices of vegetables, especially expensive tomatoes. Now the government has decided to sell tomatoes at Rs 50 per kg to give relief to the common people. From August 15, 2023, on the auspicious occasion of Independence Day, the government has decided to sell tomatoes at Rs 50 per kg. The Department of Consumer Affairs has instructed NCCF and Nafed to sell tomatoes at Rs 50 per kg.",TRUE,
28,बीजेपी विधायक बसनगौड़ा पाटिल यतनाल ने दावा किया है कि कर्नाटक में कांग्रेस की सरकार अगले साल होने वाले लोकसभा चुनाव से पहले गिर जाएगी.,BJP MLA Basangouda Patil Yatnal has claimed that the Congress government in Karnataka will fall before the next year's Lok Sabha elections.,TRUE,
29,पहले एनसीसीएफ और नेफेड ने 90 रुपये किलो में टमाटर बेचना शुरू किया फिर 16 जुलाई 2023 से कीमतों को घटाकर 80 रुपये प्रति किलो कर दिया गया. 20 जुलाई से कीमतें घटाकर 70 रुपये किया गया. और अब स्वतंत्रता दिवस से 50 रुपये प्रति किलो में टमाटर बेचा जाएगा. ,"First NCCF and Nafed started selling tomatoes at Rs 90 per kg, then from July 16, 2023 the prices were reduced to Rs 80 per kg. From July 20, the prices were reduced to Rs 70. And now tomatoes will be sold at Rs 50 per kg from Independence Day.",TRUE,
30,पानी की समस्या से जूझ रहे सीकर शहर के वार्ड नंबर 50 स्थित राधाकिशनपुरा इलाके के लोगों को राज्य सरकार की ओर से एक ट्यूबवेल की स्वीकृति मिलने से पानी की समस्या से राहत मिली तो वही ट्यूबेल को अपने इलाके में लगाने की मांग को लेकर मोहल्ले के अलग-अलग इलाके के लोगों में खींचतान भी शुरू हो गई. ,"The people of Radhakishanpura area, located in Ward No. 50 of Sikar city, who are facing water problems, got relief from the water problem due to the approval of a tubewell from the state government, while the demand to install the tubewell in their area is different from that of the locality. The tussle also started between the people of different areas.",FALSE,
31,"डूंगरपुर जिले में वार्ड नंबर 2 के नवाडेरा क्षेत्र की महिलाएं आज कलेक्ट्रेट पहुंची. जहां पर वार्ड में पिछले 2 माह से पीने के पानी की समस्या से परेशान होकर महिलाओं ने प्रदर्शन किया, पार्षद डायालाल पटेल के नेतृत्व में नवाडेरा क्षेत्र की महिलाएं आज कलेक्ट्रेट पहुंची.","Women of Navadera area of ​​ward number 2 in Dungarpur district reached the collectorate today. Troubled by the problem of drinking water in the ward for the last two months, where the women protested, under the leadership of councilor Dayalal Patel, the women of Navadera area reached the collectorate today.",FALSE,
32,"सोनीपत में CLC नहर के कटाव के बाद निर्माण कार्य पूरा कर दिया गया है और दोपहर बाद सीएलसी नहर में दोबारा पानी सुचारू कर दिया जाएगा. इस कार्य के खत्म होने के बाद दिल्ली को एक बार फिर से राहत मिलेगी, क्योंकि दिल्ली में पानी की किल्लत को लेकर परेशानी बढ़ती हुई नजर आ रही थी.","After the erosion of CLC canal in Sonepat, the construction work has been completed and water will be made smooth again in CLC canal after noon. After the completion of this work, Delhi will get relief once again, because the problem of water shortage in Delhi was increasing.",FALSE,
33,जोधपुर जिले के बालेसर क्षेत्र के सोमेसर ग्राम पंचायत में पिछले एक माह से जलापूर्ति नही होने से परेशान ग्रामीणों का आज आक्रोश फुट ही गया. जलापूर्ति नहीं होने से परेशान लोग घरों से बाहर निकले पड़े और आज सड़क पर विरोध प्रदर्शन किया.,"In Somesar Gram Panchayat of Balesar area of ​​Jodhpur district, the anger of the villagers erupted today due to lack of water supply for the last one month. Troubled by the lack of water supply, people came out of their houses and protested on the road today.",FALSE,
34,"पानी की किल्लत को लेकर पुरुष और महिलाओं ने मटकियां फोड़ कर विरोध प्रदर्शन किया. साथ ही सरकार और प्रशासन से जल्द समाधान करने की मांग की. सोमेसर के पुगलिया, किशोरनगर, दासानिया, पाबूसर जाने वाली बड़ी पाइप लाइन खराब होने की वजह से सभी जगह जलापूर्ति ठप्प हो गई है. ","Men and women protested by breaking earthen pots regarding the scarcity of water. Also demanded a quick solution from the government and the administration. Water supply has stopped everywhere due to damage to the major pipeline going to Somesar's Puglia, Kishornagar, Dasania, Pabusar.",FALSE,
35,हरियाणा के मुख्यमंत्री मनोहर लाल ने प्रदेश के आखिरी छोर पर राजस्थान की सीमा से लगते महेंद्रगढ़ जिला के गांव निजामपुर सहित क्षेत्र के 9 गांवों में पानी की समस्या को दूर करने के लिए 34 करोड़ रुपये की योजना को मंजूरी देने की घोषणा की. इस योजना के तहत 5 और 4 गांव के दो ग्रुप बनाकर पानी के 10 से 12 स्टोरेज टैंक बनाए जाएंगे और पाइप के माध्यम से किसानों को पानी उपलब्ध कराया जाएगा.,"Haryana Chief Minister Manohar Lal announced the approval of Rs 34 crore scheme to solve the water problem in 9 villages of the region, including village Nizampur in Mahendragarh district, bordering Rajasthan at the end of the state. Under this scheme, 10 to 12 water storage tanks will be made by forming two groups of 5 and 4 villages and water will be made available to the farmers through pipes.",FALSE,
36,सोनीपत में ई-टॉयलेट के हालात बदतर हो गए है. उनमें बाथरूम करना तो दूर कोई उनके पास ने निकल भी नहीं सकता. वहीं मेयर ने कहा है कि जहां जरूरत नहीं है वहां से टॉयलेट हटाए जाएंगे.,"The condition of e-toilets has become worse in Sonepat. Taking a bath in them, no one can even go near them. At the same time, the mayor has said that toilets will be removed from where they are not needed.",FALSE,
37,दिल्ली के इस इलाके लोग सालों से पीने के पानी की समस्या से परेशान है और नरकीया जीवन जीने को मजबूर है. दिल्ली में भीषण गर्मी के बीच अलग-अलग इलाकों में लोगों को पानी की समस्या से जूझना पड़ रहा है. ,"People in this area of ​​Delhi are troubled by the problem of drinking water for years and are forced to live a hellish life. Amidst the scorching heat in Delhi, people are facing the problem of water in different areas.",FALSE,
38,झारखंड राज्य बने करीब 23 वर्ष हो गया है. लेकिन झारखंड के जामताड़ा में नारायणपुर प्रखंड के छाताबाद गांव के कोचवा टोला के लोग आज भी विकास से कोसो दूर खड़ा है. गांव के इस टोला तक आने-जाने के लिए ना तो एक अच्छी सड़क है और ना ही पीने के लिए पेयजल की समुचित व्यवस्था है.,It has been almost 23 years since Jharkhand became a state. But the people of Kochwa Tola of Chattabad village of Narayanpur block in Jamtara of Jharkhand are still far away from development. There is neither a good road nor proper arrangement for drinking water to reach this tola of the village.,FALSE,
39,पूरी दुनिया के सामने स्वच्छ जल का संकट बढ़ता जा रहा है. इस बीच अमेरिका की यूएस एजेंसी फ़ॉर इंटरनेशनल डेवलेपमेंट भारत में 2300 Water ATM लगाने जा रही है. ,"The crisis of clean water is increasing in front of the whole world. Meanwhile, America's US Agency for International Development is going to install 2300 Water ATMs in India.",FALSE,
40,मूलभूत सुविधाएं उपलब्ध करवाने के सरकार और प्रशासन के दावे खोखले साबित हो रहे हैं. जनता की शिकायतों पर न तो प्रशासन सुनवाई करता है और न ही सियासतदान. हालात यह है कि पेयजल को स्वच्छ करने वाले आरओ भी 10 दिन में ही दम तोड़ रहे हैं. घरों में सीवरयुक्त काला पानी सप्लाई हो रही है.,The claims of the government and the administration of providing basic facilities are proving to be hollow. Neither the administration nor the political donation listens to the complaints of the public. The situation is that even the ROs that purify the drinking water are dying within 10 days. Black water containing sewer is being supplied in the houses.,FALSE,
41,देश की सबसे बड़ी बीमा कंपनी जीवन बीमा निगम के शेयर की स्‍टॉक मार्केट में एंट्री हो गई है. देश का सबसे बड़ा आईपीओ BSE और NSE पर 8 से 9 फीसदी के डिस्काउंट पर लिस्ट हुए.,The shares of the country's largest insurance company Life Insurance Corporation have entered the stock market. The country's biggest IPO was listed on BSE and NSE at a discount of 8 to 9 percent.,FALSE,
42,"ब्रिटेन के प्रधानमंत्री ऋषि सुनक सोशल मीडिया की सुर्खियां बने हुए हैं. दरअसल, कैंब्रिज में चल रही मोरारी बापू की रामकथा में पहुंचे ऋषि सुनक ने भारतीय समुदाय के लोगों के दिल जीत लिए. उन्होंने रामकथा में व्यास पीठ की आरती उतारी. खास बात रही कि ऋषि सुनक ने अपने संबोधन की शुरुआत जय सिया राम कहकर की.","Britain's Prime Minister Rishi Sunak has become the headlines of social media. Actually, Rishi Sunak, who reached Morari Bapu's Ramkatha going on in Cambridge, won the hearts of the people of the Indian community. He performed the aarti of Vyas Peeth in Ramkatha. The special thing is that Rishi Sunak started his address by saying Jai Siya Ram.",FALSE,
43,2024 के चुनाव से पहले और दूसरे कार्यकाल के आखिरी स्वतंत्रता दिवस पर लालकिले से दसवीं बार तिरंगा फहराने नरेंद्र मोदी पहुंचे. पीएम मोदी ने 90 मिनट का भाषण दिया. फिर अगले एक घंटे के भीतर विपक्ष उन्हें ग्यारहवीं बार लालकिले तक जाने से रोकने के के दावे करने लगा.,"Before the 2024 elections and on the last Independence Day of the second term, Narendra Modi reached the Red Fort to hoist the tricolor for the tenth time. PM Modi gave a speech of 90 minutes. Then, within the next hour, the opposition started making claims to prevent him from reaching the Red Fort for the eleventh time.",FALSE,
44,"देश जानता है कि अभी 2023 चल रहा है, लेकिन प्रधानमंत्री मोदी ने अपने भाषण में 3023 तक की यानी 1000 साल आगे की बात कर दी. प्रधानमंत्री ने भरोसे के साथ आज लालकिले से कहा कि अगली बार मैं ही आऊंगा. लेकिन विपक्ष का कहना है कि प्रधानमंत्री तिरंगा अगले साल फहराएंगे तो लेकिन अपने घर में. इसीलिए 90 मिनट के  प्रधानमंत्री के भाषण की उस व्यूह रचना को समझते हैं, जिसमें 2024 का सपना है, 2047 का लक्ष्य है और 3023 तक की बात है.  ","The country knows that 2023 is going on right now, but Prime Minister Modi talked about 1000 years ahead till 3023 in his speech. The Prime Minister confidently told the Red Fort today that he will come next time. But the opposition says that the Prime Minister will hoist the tricolor next year, but at home. That's why let's understand the strategy of the Prime Minister's speech of 90 minutes, in which there is a dream of 2024, a target of 2047 and talk till 3023.",FALSE,
45,कानून में एक नाबालिग की तस्करी के लिए आजीवन कारावास और जुर्माने का भी प्रविधान है लेकिन सच यह है कि दर्ज किए गए मामलों में 10 प्रतिशत से भी कम मामलों में सजा हो पाती है। यही वजह है कि कानूनों की शिथिलता और मुकदमों की पैरवी ठीक से न होने के कारण तस्करी को बल मिलता है। बाल तस्करी में सबसे अधिक बच्चों का बचपन घायल होता है।,"The law also provides for life imprisonment and fine for trafficking of a minor but the fact is that less than 10 per cent of the cases registered result in conviction. This is the reason that due to laxity of laws and lack of proper prosecution of cases, smuggling gets strengthened. The childhood of most children is injured in child trafficking.",FALSE,
46,किसी देश के लिए बच्चे उसकी सबसे बड़ी पूंजी होते हैं। बच्चे ही देश का भविष्य तय करते हैं। इसलिए उनका संरक्षण राष्ट्र के लिए सर्वोपरि होना चाहिए। आज जब अमृतकाल में हम 77वां स्वतंत्रता दिवस मना रहे हैं तो भावी पीढ़ी के विषय में गंभीरता से सोचना बहुत समीचीन है।,"For a country, children are its biggest capital. Children decide the future of the country. Therefore their protection should be paramount for the nation. Today, when we are celebrating 77th Independence Day in Amritkal, it is very appropriate to think seriously about the future generation.",FALSE,
47,बोकारो जिले के बालीडीह थाना क्षेत्र स्थित केबिन टोला में श्रवण कुमार दास नाम के युवक को भीड़ ने पीट-पीटकर अधमरा कर दिया। युवक पर आरोप है कि उसने पड़ोस में रहने वाले युवक की हत्या कर उसका शव तलाब में फेंक दिया था। आरोपित युवक को भीड़ से बचाने के लिए प्रशासन को चार घंटे कड़ी मशक्कत करनी पड़ी।,A youth named Shravan Kumar Das was beaten to death by a mob in Cabin Tola located in Balidih police station area of ​​Bokaro district. The young man is accused of killing a young man living in the neighborhood and throwing his dead body into the pond. The administration had to struggle hard for four hours to save the accused youth from the mob.,FALSE,
48," एशिया कप से ठीक पहले पाकिस्तान के तेज गेंदबाज वहाब रियाज ने संन्यास का ऐलान कर दिया है। भारतीय टीम को परेशान करने वाला यह गेंदबाज एक ओवर में 6 छक्के भी चुका है। 2011 वर्ल्ड कप के सेमीफाइनल में वहाब ने सहवाग, कोहली, युवराज और धोनी जैसे धुरंधर का विकेट लिया था।","Pakistan's fast bowler Wahab Riaz has announced his retirement just before the Asia Cup. This bowler who troubled the Indian team has also hit 6 sixes in an over. In the semi-finals of the 2011 World Cup, Wahab took wickets of stalwarts like Sehwag, Kohli, Yuvraj and Dhoni.",FALSE,
49,"मुंबई में रेप की कोशिश में नाकाम रहने पर छात्रा को जान से मार देने की कोशिश का मामला सामने आया है। बिहार का रहने वाला फेसबुक फ्रेंड दोस्ती के बाद शादी का ऑफर लेकर पहुंचा था, जिसके बाद छात्रा के घर वालों ने उसे रहने की इजाजत दे दी थी।","In Mumbai, a case of attempt to kill a girl student has come to light after failing in the rape attempt. A Facebook friend from Bihar had arrived with a marriage offer after friendship, after which the girl's family allowed her to stay.",FALSE,
50,"iPhone 15 के प्रॉडक्शन शुरू होने की खबर तब आई है जब ऐपल ने फॉक्सकॉन के साथ ही मिलकर Apple Airpods बनाने को लेकर भी डील की है.सूत्रों के हवाले से खबर मिली है कि फॉक्सकॉन ने हैदराबाद संयंत्र के लिए 40 करोड़ डॉलर के निवेश को मंजूरी दे दी है. दिसंबर 2024 तक यहां बड़े पैमाने पर उत्पादन शुरू होने की उम्मीद है. एक सूत्र ने कहा, ‘‘ फॉक्सकॉन की हैदराबाद फैक्टरी में एयरपॉड बनाए जाएंगे. दिसंबर तक फैक्टरी में बड़े पैमाने पर उत्पादन शुरू होने की उम्मीद है.’’","The news of the start of production of iPhone 15 has come when Apple has also made a deal with Foxconn to make Apple Airpods. It has been reported from sources that Foxconn has approved an investment of $ 400 million for the Hyderabad plant. has given. Mass production is expected to start here by December 2024. A source said, “Airpods will be made at Foxconn’s Hyderabad factory. The factory is expected to start mass production by December.",FALSE,
51,"प्रधानमंत्री मोदी ने अपने बयान में कहा था - “बेहतर स्वास्थ्य सुविधाओं के लिए असम के गुवाहाटी से लेकर पश्चिम बंगाल के कल्याणी तक, झारखंड के देवघर से लेकर बिहार में दरभंगा तक इस प्लानिंग के साथ नए-नए एम्स खोले गए हैं ताकि लोगों को इलाज के लिए सैकड़ों किलोमीटर दूर न जाना पड़े.”","Prime Minister Modi had said in his statement - “For better health facilities, from Guwahati in Assam to Kalyani in West Bengal, from Deoghar in Jharkhand to Darbhanga in Bihar, new AIIMS have been opened with this planning so that people can get treatment. You don't have to go hundreds of kilometers for this.",FALSE,
52,केरल 11वीं और 12वीं क्लास के स्टूडेंट्स के लिए सप्लीमेंट्री टेक्स्टबुक जारी करने जा रहा है.,Kerala is going to issue supplementary textbooks for the students of class 11th and 12th.,FALSE,
53,"पिछले 13 हफ़्तों से मणिपुर में बेलगाम हिंसा का राजनीतिक असर देश के बाक़ी हिस्सों में क्या होगा, इसका आकलन अभी किया जाना बाक़ी है.",What will be the political impact of the unbridled violence in Manipur for the last 13 weeks in the rest of the country is yet to be assessed.,FALSE,
54,"अंग्रेज़ी अख़बार इंडियन एक्सप्रेस की ख़बर के अनुसार, भारत के अहम मुस्लिम संगठन जमीयत-उलेमा-ए-हिन्द ने मंगलवार को आंध्र प्रदेश वक़्फ बोर्ड के एक प्रस्ताव का समर्थन किया है.","According to the news of English newspaper Indian Express, India's important Muslim organization Jamiat-Ulema-e-Hind has supported a proposal of Andhra Pradesh Waqf Board on Tuesday.",FALSE,
55,"21 जुलाई को अल्पसंख्यक मंत्रालय ने आंध्र प्रदेश की सरकार को एक कड़ा पत्र भेजा था, जिसमें लिखा था कि आंध्र प्रदेश वक़्फ बोर्ड का प्रस्ताव नफ़रत फैलाने का अभियान है और इससे देश भर में विभाजन बढ़ेगा. ","On July 21, the Ministry of Minorities had sent a strong letter to the Andhra Pradesh government, stating that the Andhra Pradesh Waqf Board proposal was a campaign of hatred and would lead to divisiveness across the country.",FALSE,
56,"पिछले दिनों केंद्रीय गृह मंत्री अमित शाह ने संसद में अपने भाषण के दौरान दावा किया था कि अगर श्यामा प्रसाद मुखर्जी नहीं होते, तो बंगाल भारत का हिस्सा नहीं होता.","Recently, Union Home Minister Amit Shah, during his speech in Parliament, had claimed that if Syama Prasad Mookerjee had not been there, Bengal would not have been a part of India.",FALSE,
57,सुलभ इंटरनेशनल के संस्थापक बिंदेश्वर पाठक का मंगलवार को दिल्ली के एम्स में निधन हो गया. सुलभ इंटरनेशनल के सीनियर वाइस प्रेसिडेंट आरसी झा ने उनके निधन की पुष्टि की है.,"Bindeshwar Pathak, the founder of Sulabh International, died on Tuesday at AIIMS in Delhi. RC Jha, Senior Vice President of Sulabh International, has confirmed his death.",FALSE,
58,चीन ने पाकिस्तान के बलूचिस्तान के पोर्ट सिटी ग्वादर में चीनी इंजीनियरों के काफिले पर हुए हमले की निंदा की है.,"China has condemned the attack on a convoy of Chinese engineers in the port city of Gwadar in Balochistan, Pakistan.",FALSE,
59,हरियाणा के पलवल के पोंडरी गाँव में रविवार को कड़ी सुरक्षा के बीच हुई हिंदू महापंचायत में ये फै़सला लिया गया कि 28 अगस्त को नूंह में फिर से विश्व हिंदू परिषद (वीएचपी) की बृज मंडल यात्रा निकाली जाएगी. 31 जुलाई को सांप्रदायिक हिंसा की वजह से ये यात्रा अधूरी रह गई थी.,"It was decided in the Hindu Mahapanchayat held in Pondari village of Palwal, Haryana on Sunday amid tight security that the Brij Mandal Yatra of Vishva Hindu Parishad (VHP) would be taken out again in Nuh on August 28. Due to communal violence on July 31, this yatra remained incomplete.",FALSE,
60,हार्दिक पांड्या की कप्तानी में भारतीय युवा क्रिकेट टीम वेस्टइंडीज़ के ख़िलाफ़ 5 टी-20 की सीरीज़ 2-3 से हार गई लेकिन युवा खिलाड़ियों ने अपने दमदार प्रदर्शन से भविष्य की तस्वीर पेश की.,"Under the captaincy of Hardik Pandya, the Indian youth cricket team lost the 5 T20 series against the West Indies by 2-3, but the young players presented a picture of the future with their strong performance.",FALSE,
61,"सिरीज़ गँवाने के बाद हार्दिक पांड्या ने कहा, “कभी-कभी हारना भी अच्छा होता है. सकारात्मक चीज़ की तरफ़ देखा जाए तो हमने सिरीज़ में काफी सारी चीज़ों को सीखा है.”","After losing the series, Hardik Pandya said, “Sometimes it is good to lose. On the positive side, we have learned a lot in the series.""",FALSE,
62,"बीते महीने भारत ने एक बार फिर चांद के लिए अपना मिशन भेजा है. वहीं, क़रीब पांच दशक के लंबे अंतराल के बाद चांद तक पहुंचने की रेस में रूस भी कूद पड़ा है.","Last month, India has once again sent its mission to the moon. At the same time, after a long gap of about five decades, Russia has also jumped into the race to reach the moon.",FALSE,
63,पाकिस्तान को स्वतंत्र हुए 76 साल से अधिक का समय गुज़र चुका है. इस लंबे अरसे में हम अपने इतिहास के कितने ही हिस्सों से अनजान रहे.,More than 76 years have passed since Pakistan became independent. In this long period we remained ignorant of many parts of our history.,FALSE,
64,भारत और चीन के बीच 19वें दौर की सैन्य वार्ता में भी सीमा विवाद को लेकर बड़ी सफलता नहीं मिली.,"Even in the 19th round of military talks between India and China, there was no major success regarding the border dispute.",FALSE,
65,हरियाणा के नूंह में 31 जुलाई को हुई सांप्रदायिक हिंसा की आग अब भी पूरी तरह बुझी नहीं है.,The fire of communal violence in Haryana's Nuh on 31st July is still not completely extinguished.,FALSE,
65,अटेली कस्बे से दुसरी ओर जा रहे थे की कोरिडोर रेलवे लाईन को पार करते समय वह गाड़ी की चपेट में आ गए जिससे उनकी मौत हो गई। सूचना पाकर मौके पर पहुंची रेलवे पुलिस की टीम ने मृतकों के शवों को कब्जे में लेकर नारनौल सामान्य अस्पताल में पोस्टमार्टम कराकर परिजनों को सौंप दिया।,"Ateli was going to the other side of the town when he was hit by a train while crossing the Corridor railway line and died. After getting the information, the railway police team reached the spot, took the bodies of the dead and handed them over to the relatives after post-mortem at Narnaul General Hospital.",FALSE,
66,हरियाणा डायल 112 पर हमले के मामले बढ़ते जा रहे हैं। इस क्रम जींद से भी डायल 112 पर हमले की खबर मिली है। जिसमें एसपीओ और पुलिसकर्मी घायल हो गए।,"The cases of attack on Haryana Dial 112 are increasing. In this sequence, news of attack on Dial 112 has also been received from Jind. In which SPO and policemen were injured.",FALSE,
67,पहाड़ों में हो रही बारिश से मैदानी क्षेत्र में एक बार फिर से संकट के बादल छा गए हैं। कैथल के चीका से गुजर रही मारकंडा और घग्गर नदी फिर से उफान पर आ गई है। जलस्तर 20.9 फुट पर पहुंच गया है।,"Due to the rains in the mountains, once again the clouds of crisis have engulfed the plains. The Markanda and Ghaggar rivers passing through the Cheeka of Kaithal are in spate again. The water level has reached 20.9 feet.",FALSE,
68,हरियाणा विद्यालय शिक्षा बोर्ड की परीक्षा-2023 में 10वीं और 12वीं कक्षा में हर जिले में टॉप थ्री रैंक लाने वाले मेधावी इस प्रदेशस्तरीय समारोह में सम्मानित किए जाएंगे। विद्यार्थियों को दोपहर 12.30 बजे तक कार्यक्रम स्थल पर पहुंचकर पंजीकरण करवाना होगा।,The meritorious who have secured top three ranks in every district in class 10th and 12th in Haryana School Education Board's examination-2023 will be honored at this state-level function. Students will have to register by reaching the venue by 12.30 noon.,FALSE,
69,करनाल में नशे के लिए एक व्यक्ति ने अपनी जान दे दी। बताया जा रहा है व्यक्ति ने परिवार से नशे के लिए रुपये मांगे थे लेकिन परिवार ने रुपेये देने से मना कर दिया तो उसने नहर में छलांग लगा दी।,"In Karnal, a person gave his life for intoxication. It is being told that the person had asked the family for money for drugs but when the family refused to give the money, he jumped into the canal.",FALSE,
70,युवक की हत्या मामले में नारनौल पुलिस ने चार लोगों को गिरफ्तार किया है। शिकायत में बताया है कि युवक की हत्या प्रेम प्रसंग के चलते की गई थी। फिलहाल पुलिस मामले की जांच में जुटी है।,"Narnaul police has arrested four people in connection with the murder of the youth. It has been told in the complaint that the young man was murdered due to a love affair. At present, the police is engaged in the investigation of the case.",FALSE,
71,कैथल में युवक की हत्या का मामला सामने आया है। मिली जानकारी के अनुसार दो आरोपियों ने मिलकर एक युवक की हत्या कर दी और शव को साथ लगते ज्वार के खेत में छुपा दिया।,"A case of murder of a young man has come to light in Kaithal. According to the information received, the two accused together killed a youth and hid the body in the adjoining jowar field.",FALSE,
72,रेवाड़ी में सड़क हादसे में पिता-पुत्र की मौत हो गई। जानकारी के अनुसार दीपक मंगलवार को वह अपने बेटे 12 वर्षीय बेटे भवदीप के साथ बाइक पर अपने गांव से ही कुछ दूर आगे मोहनपुर में एक पेट्रोल पंप पर गया था। वापस लौटते समय मोहनपुर के पास ही कैंटर ने उनकी बाइक को जबरदस्त टक्कर मार दी,"Father and son died in a road accident in Rewari. According to the information, on Tuesday, Deepak, along with his 12-year-old son Bhavdeep, went on a bike to a petrol pump in Mohanpur, a little further away from his village. While returning, a canter hit his bike near Mohanpur.",FALSE,
73,हांसी में बस पलटने से बड़ा हादसा हो गया। बताया जा रहा है कि हादसा बेसहारा पशुओं के बस के आगे आने के कारण हुआ। बस दिल्ली से राजस्थान के अनूपगढ़ के लिए जा रही थी। बस में 65 के करीब सवारी थी।,A major accident took place in Hansi when the bus overturned. It is being told that the accident happened due to stray animals coming in front of the bus. The bus was going from Delhi to Anupgarh in Rajasthan. There were around 65 passengers in the bus.,FALSE,
74,"रोहतक में क्राइम का ग्राफ लगातार बढ़ता जा रहा है। जिसके कारण पुलिस पर भी सवाल उठने शुरू हो गए हैं। वहीं, रात पार्क में सो रहे व्यक्ति पर हथियारों से हमला कर दिया।","The crime graph in Rohtak is continuously increasing. Because of which questions have started to arise on the police as well. At the same time, a person sleeping in the park was attacked with weapons at night.",FALSE,
75,सुप्रीम कोर्ट ने बुधवार को मथुरा में कृष्ण जन्मभूमि के पास अतिक्रमण करने वालों को फौरी राहत दी। शीर्ष अदालत ने कृष्ण जन्मभूमि के पास अतिक्रमण हटाने के लिए रेलवे अधिकारियों द्वारा चलाए जा रहे विध्वंस अभियान पर 10 दिनों के लिए रोक लगा दी है।,The Supreme Court on Wednesday gave immediate relief to encroachers near Krishna Janmabhoomi in Mathura. The apex court has stayed the demolition drive being carried out by the railway authorities to remove encroachments near Krishna Janmabhoomi for 10 days.,FALSE,
76,"भारतीय क्रिकेट प्रशासक अमृत माथुर ने सुपरस्टार अक्षय कुमार से जुड़े 2009 के एक प्रकरण का खुलासा किया है, जिसने सबको हैरान कर दिया है। उन्होंने बताया है कि कैसे इस सुपरस्टार ने करोड़ों का नुकसान झेलकर आईपीएल की एक टीम को बचाया था।",Indian cricket administrator Amrit Mathur has revealed a 2009 episode involving superstar Akshay Kumar which has left everyone shocked. He has told how this superstar had saved an IPL team after suffering a loss of crores.,FALSE,
77,इंडिया पोस्ट पेमेंट्स बैंक लिमिटेड आज यानी 16 अगस्त 2023 को अनुबंध के आधार पर कार्यकारी के पद पर भर्ती के लिए ऑनलाइन आवेदन विंडो बंद कर देगा।,India Post Payments Bank Limited will close the online application window for recruitment to the post of Executive on contract basis today i.e. 16th August 2023.,TRUE,
78,अजित-शरद की बैठक को लेकर महाराष्ट्र में राजनीतिक घमासान मच गया है. दावा किया जा रहा है कि बीजेपी की ओर से अजित पवार ने शरद पवार को केंद्रीय कैबिनेट में शामिल होने का ऑफर दिया है. कांग्रेस इस पर शरद पवार की प्रतिक्रिया मांग रही है.,"There has been a political tussle in Maharashtra regarding the Ajit-Sharad meeting. It is being claimed that on behalf of the BJP, Ajit Pawar has offered Sharad Pawar to join the Union Cabinet. Congress is seeking Sharad Pawar's response on this.",TRUE,
79,दिल्ली विधानसभा में AAP विधायक ने गंदे पानी को लेकर अपनी ही सरकार को आड़े हाथ लिया। उन्होंने कहा कि दिल्ली के लोग गंदा पानी पीने को मजबूर हैं। जल बोर्ड का काम ठप पड़ा है क्योंकि उनके पास फंड की कमी है।,"In the Delhi Assembly, the AAP MLA took a dig at his own government over dirty water. He said that the people of Delhi are forced to drink dirty water. The work of the Jal Board has come to a standstill as they are short of funds.",TRUE,
80,राहुल द्रविड़ की कोचिंग में भारतीय टीम का रिकॉर्ड बहुत शानदार नहीं रहा है। एशिया कप और टी-20 वर्ल्ड कप में हार के बाद अब फिर एशिया कप और वनडे वर्ल्ड कप खेलना है। ऐसे में द्रविड़ प्लान-7 से इसे अंजाम देना चाहेंगे,"The Indian team's record under Rahul Dravid's coaching hasn't been great. After the defeat in Asia Cup and T20 World Cup, now we have to play Asia Cup and ODI World Cup again. In such a situation, Dravid would like to execute it with Plan-7.",TRUE,
81," एलन मस्क ने रविवार को घोषणा की कि अगले महीने से ट्विटर समाचार संस्थानों को हर आर्टिकल पर प्रति क्लिक के हिसाब से शुल्क वसूलने की अनुमति देगा. कंटेंट क्रिएट करने वालों के लिए उससे पैसे कमाने के इस नए फीचर के साथ ट्विटर ने वैश्विक मंदी के बीच मीडिया घरानों की मदद करने का लक्ष्य रखा है, जिसके कारण कई संस्थानों ने छंटनी की है और कई कार्यक्रम बंद कर दिए.","Elon Musk announced on Sunday that from next month, Twitter will allow news organizations to charge per click on each article. With this new feature for content creators to monetize it, Twitter aims to help media houses amid the global recession that has led to layoffs and closure of programs by many organisations.",TRUE,
82,उत्तर प्रदेश बेसिक शिक्षा विभाग द्वारा आयोजित की जाने वाली यूपी शिक्षक पात्रता परीक्षा के लिए आवेदन प्रक्रिया शुरू होने का इंतजार करने वाले कैंडिडेट्स का इंतजार अब जल्द ही खत्म होने वाला है. ,The wait for the candidates waiting for the start of the application process for the UP Teacher Eligibility Test to be conducted by the Uttar Pradesh Basic Education Department is going to end soon.,TRUE,
83,"इमरान खान तालिबान के पक्ष में माहौल बनाने की हर संभव कोशिश में लगे हैं. इसके लिए अब उन्होंने दुनिया को डराना भी शुरू कर दिया है. इमरान ने अंतरराष्ट्रीय मीडिया में एक लेख लिखकर कहा है कि यदि तालिबान को आर्थिक मदद नहीं दी गई, तो परिणाम गंभीर हो सकते हैं.","Imran Khan is making every possible effort to create an atmosphere in favor of the Taliban. For this, now they have also started scaring the world. Imran has written an article in the international media saying that if financial aid is not given to the Taliban, the consequences can be serious.",TRUE,
84,नेशनल कॉन्फ्रेंस के अध्यक्ष फारूक अब्दुल्ला 13 मार्च को नजरबंदी से रिहा हुए थे वहीं 14 महीने बाद महबूबा मुफ्ती को भी रिहा कर दिया गया. ,"National Conference President Farooq Abdullah was released from house arrest on March 13, while Mehbooba Mufti was also released after 14 months.",TRUE,
85,भारत और आयरलैंड के बीच 18 अगस्त से तीन मैचों की टी20 सीरीज की शुरुआत होगी. इस सीरीज में तेज गेंदबाज जसप्रीत बुमराह टीम इंडिया की कमान संभालेंगे.,"The three-match T20 series will start between India and Ireland from 18 August. In this series, fast bowler Jasprit Bumrah will take command of Team India.",TRUE,
86,हरियाणा सरकार ने ये फैसला UPSC के पैनल से तीन नामों के फ़ाइनल होने के बाद किया गया. UPSC से आये पैनल में शत्रुजीत कपूर सबसे जूनियर थे लेकिन बावजूद इसके सरकार ने शत्रुजीत कपूर को नये DGP के लिये चुना है.,"This decision was taken by the Haryana government after the finalization of three names from the UPSC panel. Shatrujit Kapoor was the junior most in the panel that came from UPSC, but despite this the government has selected Shatrujit Kapoor as the new DGP.",TRUE,
87,"एडमिशन स्टाफ विदेशी कैंडिडेट्स को बता रहे हैं कि उन्हें ब्रिटिश स्टूडेंट्स पर 'एडवांटेज' है क्योंकि उन्हें पहले ही अपने ग्रेड मिल चुके हैं. इसका मतलब यह है कि उन्हें सबसे पॉपुलर कोर्सेज में स्थान सुरक्षित करने के लिए 'जितनी जल्दी हो सके' आवेदन करना चाहिए, जिनमें अभी भी सितंबर के लिए स्थान उपलब्ध हैं.",Admissions staff are telling foreign candidates that they have an 'advantage' over British students because they have already got their grades. This means they should apply 'as early as possible' to secure a place on the most popular courses which still have places available for September.,TRUE,
88,"आजकल सोशल मीडिया पर ज्यादातर लोग मौजूद हैं, ऐसे में जब स्कैमर्स आपको टारगेट करते हैं तो उनकी कोशिश रहती है कि आपकी समस्या का समाधान करें. स्कैमर्स की तरफ से ऐसा कहा जाता है कि उनके पास आपकी समस्या का समाधान है और वह आपकी पूरी मदद करेंगे और यहीं पर लोग झांसा खा जाते हैं. आपको इस झांसे में नहीं आना चाहिए और ऐसा कहने पर आपको तुरंत ही अलर्ट मोड पर आकर इसे रिपोर्ट करना चाहिए.","Nowadays, most people are present on social media, in such a situation, when scammers target you, they try to solve your problem. It is said from the side of the scammers that they have a solution to your problem and they will help you completely and this is where people get scammed. You should not fall into this trap and on saying this, you should report it immediately by coming on alert mode.",TRUE,
89,"बिहार सरकार शुष्क बागवानी योजना के अंतर्गत राज्य के किसानों को शुष्क खेती करने के लिए सरकार 50 फीसदी की सब्सिडी दे रही है. इसके तहत किसान फलदार पौधे जैसे आंवला, बेर, जामुन, कटहल, बेल, अनार नींबू और मीठा नींबू लगा सकते हैं.","Under the Bihar government dry horticulture scheme, the government is giving 50 percent subsidy to the farmers of the state to do dry farming. Under this, farmers can plant fruit trees like Amla, Ber, Jamun, Jackfruit, Bael, Pomegranate, Lemon and Sweet Lemon.",TRUE,
90,"किसानों की आय बढ़ाने के लिए सरकार आए दिन नई-नई योजनाएं लॉन्च करती रहती है. किसान इन योजनाएं का लाभ ले सकें, इसके लिए कभी-कभी जागरूकता कार्यक्रम भी भी चलाए जाते हैं ","To increase the income of the farmers, the government keeps on launching new schemes every day. Sometimes awareness programs are also run so that farmers can take advantage of these schemes.",TRUE,
91,"प्रधानमंत्री नरेंद्र मोदी ने लाल किले की प्राचीर से देश के नाम संबोधन में कई बड़े ऐलान किए. पीएम मोदी ने कृषि क्षेत्र में तकनीक लाने की बात भी कही और वीमेन सेल्फ ग्रुप की महिला को ड्रोन चलाने की ट्रेनिंग देने की योजना बताई. उन्होंने कृषि के काम में ड्रोन की सेवाएं की शुरुआत की बात कही,  जिससे किसान और कृषि समाज आगे बढ़ सके. ","Prime Minister Narendra Modi made many big announcements in his address to the nation from the ramparts of the Red Fort. PM Modi also talked about bringing technology in the agriculture sector and told about the plan to train the women of the Women's Self Group to operate drones. He talked about starting the services of drones in agricultural work, so that farmers and agricultural society can move forward.",TRUE,
92,सिरोही जिले का एक किसान चर्चा का विषय बना हुआ है.  किसान खेती के जरिए सालाना 40 लाख रुपये से ज्यादा की कमाई कर रहा है. श्रवण सिंह ने बताया कि वो खेती करने से पहले वो रेडीमेड कपड़ों का व्यवसाय करते थे. लेकिन उन्होंने जब धीर-धीरे खेती में अपने हाथ आजमाने शुरू किए तो मुनाफा बढ़ता चला गया. फिर उन्होंने अपने रेडीमेड गारमेंट्स के शोरूम बंद कर दिए. ,"A farmer of Sirohi district has become a topic of discussion. The farmer is earning more than Rs 40 lakh annually through farming. Shravan Singh told that before doing farming, he used to do business of readymade clothes. But when he slowly started trying his hands in farming, the profits kept increasing. Then he closed the showrooms of his readymade garments.",TRUE,
93,अर्जुन मुखिया और उनकी पत्नी जीरा देवी दो साल पहले तक घर -घर मछली बेचने का काम करते थे. साल 2021 में उन्हें प्रधानमंत्री मत्स्य संपदा योजना के तहत बायोफ्लॉक टैंक से मछली पालन के लिए 4 लाख 50 हजार रुपये का अनुदान भी मिला था.,"Arjun Mukhiya and his wife Jeera Devi used to sell fish door-to-door until two years ago. In the year 2021, under Pradhan Mantri Matsya Sampada Yojana, they had also received a grant of Rs 4 lakh 50 thousand for fish farming from biofloc tank.",TRUE,
94,मेडिसिनल प्लांट्स की खेती में लागत कम आती है. इन फसलों की खेती में मुनाफा भी अन्य फसलों के मुताबिक अधिक होता है. ,The cost of cultivation of medicinal plants is less. The profit in the cultivation of these crops is also more as compared to other crops.,TRUE,
95,"अंबाला के आजाद नगर इलाके में दो-दो फुट खड़े पानी से लोग परेशान हो रहे है. पानी निकासी न होने के चलते टूटी नालियां, सड़के पर तैर रहे जहरीले जानवरों के डर से लोगों का घर से बाहर निकलना दूभर हो रहा है.  इलाके में दो-दो फुट खड़े गटर के गंदे पानी से घरों में बदबू फैल रही है.","In Azad Nagar area of ​​Ambala, people are getting worried due to two feet of standing water. Due to lack of drainage, broken drains, fear of poisonous animals floating on the road, people are finding it difficult to get out of the house. Due to the dirty water of the gutter standing two feet in the area, the smell is spreading in the houses.",TRUE,
96,तमिलनाडु के मुख्यमंत्री एम. के. स्टालिन ने कहा कि अगर नीट से छूट के हमारे विधेयक को मंजूरी दे दी जाती और +2 अंकों के आधार पर मेडिकल प्रवेश दिया जाता तो छात्र आत्महत्याओं से बचा जा सकता था. ,Tamil Nadu Chief Minister M.K. Stalin said that if our bill for exemption from NEET was approved and medical admission was given on the basis of +2 marks then student suicides could have been avoided.,TRUE,
97,कर्नाटक प्रदेश कांग्रेस कमेटी के ऑफिस में सोमवार को आयोजित एक बैठक के दौरान सीएम सिद्धारमैया ने एनईपी को रद्द करने की बात कही. उन्होंने कहा कि पिछली भाजपा सरकार द्वारा लागू की गई एनईपी अगले शैक्षणिक वर्ष से पूरी तरह वापस ले ली जाएगी. ,"During a meeting held on Monday at the Karnataka Pradesh Congress Committee office, CM Siddaramaiah talked about the cancellation of NEP. He said that the NEP implemented by the previous BJP government will be completely withdrawn from the next academic year.",TRUE,
98,आईआईटी के छात्र अधिक अंक हासिल करने की चुनौती और प्रतिस्पर्धा के कारण काफी स्ट्रेस ले रहे हैं और सुसाइड जैसा खतरनाक कदम उठा रहे हैं. ,IIT students are taking a lot of stress due to the challenge and competition to score more marks and are taking dangerous steps like suicide.,TRUE,
99,"टीचर्स और अन्य स्टाफ से भी क्लासरूम,प्लेग्राउंड, लैबोरेट्री और लाइब्रेरी जैसी जगह जहां पर टीचिंग और लर्निंग एक्टिविटी होती है, वहां मोबाइल फोन से परहे.","Avoid mobile phones from teachers and other staff in places like classroom, playground, laboratory and library where teaching and learning activities take place.",FALSE,Not sure what the Hindi text means.
100,इंग्लैंड की टेस्ट टीम के कप्तान बेन स्टोक्स ने वनडे से रिटायरमेंट का फ़ैसला वापस ले लिया है.,England's Test team captain Ben Stokes has withdrawn the decision of retirement from ODIs.,TRUE,