s.no,Text in Punjab,Text in English,Is Correct,"Comment 
(Please add if the translation is not correct)"
1, ਮਲੇਸ਼ੀਆ ਨੂੰ ਹਰਾ ਕੇ ਭਾਰਤ ਨੇ ਜਿੱਤਿਆ ਚੌਥਾ ਏਸ਼ੀਅਨ ਚੈਂਪੀਅਨਜ਼ ਟਰਾਫੀ ਖਿਤਾਬ,India won the fourth Asian Champions Trophy title by defeating Malaysia,FALSE,
2,"ਸਿੰਧੂ ਨੂੰ ਪਹਿਲੇ ਗੇੜ 'ਚ ਮਿਲੀ ਬਾਈ, ਬੀਡਬਲਯੂਐੱਫ ਵਿਸ਼ਵ ਬੈਡਮਿੰਟਨ ਚੈਂਪੀਅਨਸ਼ਿਪ 2023 ਦੇ ਡਰਾਅ ਦਾ ਐਲਾਨ","Sindhu gets first round bye, BWF World Badminton Championship 2023 draw announced",FALSE,
3,ਵਨਡੇ ਵਿਸ਼ਵ ਕੱਪ ਤੋਂ ਪਹਿਲਾਂ ਭਾਰਤੀ ਕ੍ਰਿਕਟ ਟੀਮ ਨੂੰ ਖੁਸ਼ਖਬਰੀ ਮਿਲੀ ਹੈ। ਤੇਜ਼ ਗੇਂਦਬਾਜ਼ ਜਸਪ੍ਰੀਤ ਬੁਮਰਾਹ ਫਿੱਟ ਹੋ ਕੇ ਟੀਮ 'ਚ ਵਾਪਸੀ ਕਰ ਚੁੱਕੇ ਹਨ। ਸੱਟ ਕਾਰਨ ਲਗਭਗ ਇਕ ਸਾਲ ਤੋਂ ਟੀਮ ਇੰਡੀਆ ਤੋਂ ਦੂਰ ਰਹੇ ਬੁਮਰਾਹ ਨੂੰ ਮੁਕਾਬਲੇ ਵਾਲੀ ਕ੍ਰਿਕਟ 'ਚ ਵਾਪਸੀ ਕਰਦੇ ਹੀ ਬੀਸੀਸੀਆਈ ਨੇ ਨਵੀਂ ਜ਼ਿੰਮੇਵਾਰੀ ਸੌਂਪ ਦਿੱਤੀ ਹੈ।,"Ahead of the ODI World Cup, the Indian cricket team has received good news. Fast bowler Jasprit Bumrah has returned to the team after being fit. Bumrah, who has been away from Team India for almost a year due to injury, has been given a new responsibility by the BCCI as soon as he returns to competitive cricket.",FALSE,
4,ਮੋਦੀ ਸਰਕਾਰ ਨੇ ਦੇਸ਼ ਨੂੰ ‘ਹਾਈਵੇਅ ਤੋਂ ਨਰਕ ਦੇ ਰਾਹ’ ਪਾੲਿਆ: ਕਾਂਗਰਸ,Modi government took the country from 'highway to hell': Congress,FALSE,
5,ਹਿਮਾਚਲ ਪ੍ਰਦੇਸ਼ ’ਚ ਭਾਰੀ ਮੀਂਹ ਦਾ ਕਹਿਰ ਅੱਜ ਵੀ ਜਾਰੀ ਹੈ ਅਤੇ ਮੀਂਹ ਕਾਰਨ ਵਾਪਰੀਆਂ ਘਟਨਾਵਾਂ ਵਿੱਚ ਘੱਟੋ-ਘੱਟ 51 ਜਣਿਆਂ ਦੀ ਮੌਤ ਹੋ ਚੁੱਕੀ ਹੈ ਜਿਨ੍ਹਾਂ ’ਚੋਂ 14 ਵਿਅਕਤੀ ਸ਼ਿਮਲਾ ਨਾਲ ਸਬੰਧਤ ਹਨ। ਸੋਲਨ ਤੇ ਮੰਡੀ ਜ਼ਿਲ੍ਹੇ ’ਚ ਦੋ ਪਰਿਵਾਰਾਂ ਦੇ ਸੱਤ-ਸੱਤ ਜੀਅ ਹਲਾਕ ਹੋ ਗਏ ਹਨ। ਅਧਿਕਾਰੀਆਂ ਨੇ ਅੱਜ ਇਹ ਜਾਣਕਾਰੀ ਦਿੱਤੀ। ਮੌਸਮ ਵਿਭਾਗ ਨੇ ਸੂਬੇ ’ਚ ਭਲਕੇ 15 ਅਗਸਤ ਲਈ ਯੈਲੋ ਅਲਰਟ ਜਾਰੀ ਕਰਦਿਆਂ 18 ਅਗਸਤ ਤੱਕ ਮੀਂਹ ਦੀ ਪੇਸ਼ੀਨਗੋਈ ਕੀਤੀ ਹੈ।,"The fury of heavy rain in Himachal Pradesh continues today and at least 51 people have died in the incidents due to rain, out of which 14 people belong to Shimla. In Solan and Mandi district, seven members of two families have died. Officials gave this information today. The Meteorological Department has issued a yellow alert for August 15 in the state and has predicted rain till August 18.",FALSE,
6,ਭਾਖੜਾ ਬਿਆਸ ਮੈਨੇਜਮੈਂਟ ਬੋਰਡ (ਬੀਬੀਐੱਮਬੀ) ਨੇ ਵੀ ਅੱਜ ਪੰਜਾਬ ਸਰਕਾਰ ਨਾਲ ਮੀਟਿੰਗ ਕੀਤੀ ਹੈ। ਮੀਟਿੰਗ ਵਿਚ ਬੀਬੀਐੱਮਬੀ ਦੇ ਮੈਂਬਰ ਸਿੰਜਾਈ ਵੀ ਸ਼ਾਮਲ ਸਨ। ਪੰਜਾਬ ਸਰਕਾਰ ਨੇ ਆਪਣੀ ਸਥਿਤੀ ਰੱਖ ਦਿੱਤੀ ਹੈ ਅਤੇ ਬੀਬੀਐੱਮਬੀ ਵੱਲੋਂ ਹਿਮਾਚਲ ਪ੍ਰਦੇਸ਼ ਸਰਕਾਰ ਨੂੰ ਵੀ ਸੂਚਨਾ ਭੇਜ ਦਿੱਤੀ ਹੈ। ਬੀਬੀਐੱਮਬੀ ਨੇ ਡੈਮਾਂ ਦੀ ਸੇਫ਼ਟੀ ਦਾ ਨੁਕਤਾ ਰੱਖਿਆ ਹੈ।,"The Bhakra Beas Management Board (BBMB) has also held a meeting with the Punjab government today. BBMB member Sinjai was also present in the meeting. Punjab government has kept its position and BBMB has also sent information to Himachal Pradesh government. BBMB has put the point of safety of dams.
",FALSE,
7,ਹਰ ਇਕ ਵਿਅਕਤੀ ਨੂੰ ਆਪਣੇ ਭਾਈਚਾਰੇ ਦੀ ਸਭਿਆਚਾਰਕ ਜਿ਼ੰਦਗੀ ਵਿਚ ਖੁੱਲ੍ਹ ਕੇ ਭਾਗ ਲੈਣ ਦਾ ਹੱਕ ਹੋਏਗਾ । ਉਸ ਨੂੰ ਕੋਮਲ ਕਲਾਵਾਂ ਦਾ ਆਨੰਦ ਮਾਨਣ ਅਤੇ ਵਿਗਿਆਨਕ ਉੱਨਤੀ ਤੇ ਇਸ ਤੋਂ ਮਿਲੇ ਫ਼ਾਇਦਿਆਂ ਵਿਚੋਂ ਹਿੱਸਾ ਲੈਣ ਦਾ ਹੱਕ ਹੈ ।,Every person will have the right to freely participate in the cultural life of his community. He has the right to enjoy the fine arts and to share in the benefits of scientific progress.,FALSE,
8,"ਹਰ ਇਕ ਵਿਅਕਤੀ ਨੂੰ ਆਪਣੀ ਵਿਗਿਆਨਕ, ਸਾਹਿਤਕ ਜਾਂ ਕਲਾਤਮਕ ਕਿ੍ਰਤ ਦੇ ਨਤੀਜੇ ਵਜੋਂ ਇਜ਼ਲਾਕੀ ਤੇ ਮਾਇਕ ਪੱਖੋਂ ਸੁਰੱਖਿਆ ਲੈਣ ਦਾ ਹੱਕ ਹਾਸਲ ਹੈ ।","Every person has the right to intellectual and moral protection as a result of his scientific, literary or artistic work.",FALSE,
9,ਹਰੇਕ ਵਿਅਕਤੀ ਨੂੰ ਵਿਦਿਆ ਹਾਸਲ ਕਰਨ ਦਾ ਹੱਕ ਹੈ । ਵਿਦਿਆ ਮੁਫ਼ਤ ਹੋਏਗੀ । ਘਟ ਤੋਂ ਘਟ ਪ੍ਰਾਇਮਰੀ ਵਿਦਿਆ ਮੁਫ਼ਤ ਹੋਏਗੀ । ਪ੍ਰਾਇਮਰੀ ਵਿਦਿਆ ਲਾਜ਼ਮੀ ਹੋਏਗੀ । ਤਕਨੀਕੀ ਤੇ ਕਿੱਤਾ ਸਿਖਿਆ ਤਕ ਹਰ ਇਕ ਦੀ ਪਹੁੰਚ ਹੋਏਗੀ । ਇਸੇ ਤਰ੍ਹਾਂ ਉਚੇਰੀ ਵਿਦਿਆ ਯੋਗਤਾ ਦੇ ਆਧਾਰ ਉਤੇ ਹਰ ਇਕ ਨੂੰ ਮਿਲ ਸਕੇਗੀ ।,"Every person has the right to get education. Education will be free. At least primary education will be free. Primary education will be compulsory. Everyone will have access to technical and vocational education. Similarly, higher education will be available to everyone on the basis of merit.",FALSE,
10,"ਮਨੁੱਖੀ ਸਖਸ਼ੀਅਤ ਦੀ ਮੁਕੰਮਲ ਪ੍ਰਫ਼ੁਲਤਾ ਵਿਦਿਆ ਦਾ ਉਦੇਸ ਹੋਏਗਾ ਅਤੇ ਸਾਰੇ ਮੁਲਕਾਂ, ਨਸਲੀ ਤੇ ਧਾਰਮਿਕ ਸੰਗਠਨਾ ਵਿਚ ਮਨੁੱਖੀ ਅਧਿਕਾਰਾਂ ਪ੍ਰਤੀ ਦੋਸਤੀ ਤੇ ਸਤਿਕਾਰ ਦੀ ਭਾਵਨਾ ਨੂੰ ਮਜ਼ਬੂਤ ਕਰਨਾ, ਵਿਦਿਆ ਦੀ ਮੰਜਿ਼ਲ ਹੋਏਗਾ ਅਤੇ ਸ਼ਾਂਤੀ ਕਾਇਮ ਰਖਣ ਲਈ ਸੰਪੂਰਣ ਰਾਸ਼ਟਰ ਦੀਆਂ ਸਰਗਰਮੀਆਂ ਨੂੰ ਅੱਗੇ ਲੈ ਕੇ ਜਾਏਗੀ ।","The full flourishing of the human personality will be the aim of education and strengthening the spirit of friendship and respect for human rights in all countries, ethnic and religious organizations, will be the goal of education and will carry forward the activities of the entire nation to maintain peace.",FALSE,
11,"ਸਾਰਾ ਮਨੁੱਖੀ ਪਰਿਵਾਰ ਆਪਣੀ ਮਹਿਮਾ, ਸ਼ਾਨ ਅਤੇ ਹੱਕਾਂ ਦੇ ਪੱਖੋਂ ਜਨਮ ਤੋਂ ਹੀ ਆਜ਼ਾਦ ਹੈ ਅਤੇ ਸੁਤੇ ਸਿੱਧ ਸਾਰੇ ਲੋਕ ਬਰਾਬਰ ਹਨ । ਉਨ੍ਹਾਂ ਸਭਨਾ ਨੂੰ ਤਰਕ ਅਤੇ ਜ਼ਮੀਰ ਦੀ ਸੌਗਾਤ ਮਿਲੀ ਹੋਈ ਹੈ ਅਤੇ ਉਨ੍ਹਾਂ ਨੂੰ ਭਰਾਤਰੀਭਾਵ ਦੀ ਭਾਵਨਾ ਰਖਦਿਆਂ ਆਪਸ ਵਿਚ ਵਿਚਰਣਾ ਚਾਹੀਦਾ ਹੈ ।","
The whole human family is free from birth in terms of its glory, dignity and rights and all people are equal. All of them are gifted with reason and conscience and they should interact with each other with a sense of brotherhood.",FALSE,
12,ਸੰਨ 47 ਦੇ ਰੌਲ਼ਿਆਂ ਵੇਲੇ ਲੱਖਾਂ ਨਿਰਦੋਸ਼ ਲੋਕ ਮੌਤ ਦੇ ਤਾਂਡਵ ਦੀ ਭੇਟਾ ਚੜ੍ਹ ਗਏ ਸਨ,"
During the riots of 1947, lakhs of innocent people were put to death",FALSE,
13,"ਅੱਜ ਭਾਰਤ ਦੀ ਜਿਹੜੀ ਆਜ਼ਾਦ ਫ਼ਿਜ਼ਾ ’ਚ ਅਸੀਂ ਵਿਚਰ ਰਹੇ ਹਾਂ, ਉਹ ਆਜ਼ਾਦੀ ਦੇ ਉਨ੍ਹਾਂ ਲੱਖਾਂ ਪਰਵਾਨਿਆਂ ਸਦਕਾ ਹੈ ਜਿਨ੍ਹਾਂ ਦੇਸ਼ ਲਈ ਬਿਨਾਂ ਕਿਸੇ ਸਵਾਰਥ ਦੇ ਹੱਸਦੇ-ਹੱਸਦੇ ਸ਼ਹਾਦਤਾਂ ਪਾਈਆਂ ਸਨ। ਉਨ੍ਹਾਂ ’ਚੋਂ ਬਹੁਤੇ ਅਜਿਹੇ ਹਨ ਜਿਨ੍ਹਾਂ ਦੇ ਨਾਂ ਤਕ ਅੱਜ ਕੋਈ ਨਹੀਂ ਜਾਣਦਾ। ਉਨ੍ਹਾਂ ਸਭਨਾਂ ਨੂੰ ਸਾਡਾ ਕੋਟਿ-ਕੋਟਿ ਪ੍ਰਣਾਮ। ਪੂਰੇ 76 ਵਰ੍ਹੇ ਪਹਿਲਾਂ ਸਮੂਹ ਭਾਰਤੀਆਂ ਦੇ ਬਹੁਤ ਜ਼ਿਆਦਾ ਸੰਘਰਸ਼ਾਂ ਤੋਂ ਬਾਅਦ ਦੇਸ਼ ਆਜ਼ਾਦ ਹੋਇਆ ਸੀ। ਦੇਸ਼ ਪਹਿਲਾਂ ਮੁਗ਼ਲਾਂ ਅਧੀਨ ਰਿਹਾ ਤੇ ਫਿਰ ਇਸ ’ਤੇ ਇੰਗਲੈਂਡ ਦੀ ਈਸਟ ਇੰਡੀਆ ਕੰਪਨੀ ਦਾ ਕਬਜ਼ਾ ਹੋ ਗਿਆ।","The freedom we are living in India today is due to those millions of freedom fighters who sacrificed their lives for the country without any selfishness. Most of them are those whose names no one knows today. Our humble bow to all of them. 76 years ago, the country became independent after a lot of struggle by all Indians. The country was first under the Mughals and then it was occupied by the East India Company of England.",FALSE,
14,ਇਹ ਸਹੀ ਹੈ ਕਿ ਮੋਦੀ ਸਰਕਾਰ ਦੇ ਸੱਤਾ ’ਚ ਆਉਣ ਤੋਂ ਬਾਅਦ ਉੱਚ ਪੱਧਰ ’ਤੇ ਚੱਲੇ ਆ ਰਹੇ ਭ੍ਰਿਸ਼ਟਾਚਾਰ ’ਤੇ ਕਾਫ਼ੀ ਹੱਦ ਤੱਕ ਲਗਾਮ ਲੱਗੀ ਹੈ ਪਰ ਹੇਠਲੇ ਪੱਧਰ ’ਤੇ ਭ੍ਰਿਸ਼ਟਾਚਾਰ ਦੀ ਹਾਲਤ ਪਹਿਲਾਂ ਵਰਗੀ ਹੀ ਹੈ ਤੇ ਉਸ ਤੋਂ ਆਮ ਜਨਤਾ ਡਾਢੀ ਦੁਖੀ ਹੈ। ਸਪੱਸ਼ਟ ਹੈ ਕਿ ਭ੍ਰਿਸ਼ਟਾਚਾਰ ਵਿਰੁੱਧ ਲੜੀ ਜਾ ਰਹੀ ਜੰਗ ਨੂੰ ਹਾਲੇ ਹੋਰ ਅਗਾਂਹ ਤੱਕ ਲਿਜਾਣ ਦੀ ਜ਼ਰੂਰਤ ਹੈ। ਭ੍ਰਿਸ਼ਟਾਚਾਰ ਦੇ ਕਈ ਰੂਪ ਹਨ।,"It is true that after the Modi government came to power, the corruption going on at the highest level has been curbed to a large extent, but the condition of corruption at the lower level is the same as before and the common people are suffering from it. It is clear that the war against corruption needs to be taken further. Corruption has many forms.",FALSE,
15,"ਸਾਡੇ ਦੇਸ਼ ਆਜ਼ਾਦ ਹੋਏ ਨੂੰ ਅੱਧੀ ਸਦੀ ਤੋਂ ਜ਼ਿਆਦਾ ਸਮਾਂ ਹੋ ਗਿਆ ਹੈ ਪਰ ਦੇਸ਼ ਦੇ ਹਾਲਾਤਾਂ ’ਚ ਜ਼ਿਆਦਾ ਸੁਧਾਰ ਨਹੀਂ ਹੋਇਆ। ਸਾਡੇ ਦੇਸ਼ ਤੋਂ ਬਾਅਦ ਕਈ ਦੇਸ਼ ਆਜ਼ਾਦ ਹੋਏ, ਜੋ ਸਾਡੇ ਦੇਸ਼ ਨਾਲੋਂ ਆਰਥਿਕ ਦਸ਼ਾ ’ਚ ਕਾਫ਼ੀ ਅੱਗੇ ਲੰਘ ਗਏ ਹਨ।
","It has been more than half a century since our country became independent, but the conditions of the country have not improved much. Many countries became independent after our country, which have gone much further than our country in terms of economy.",FALSE,
16,"ਚਰਿੱਤਰ 'ਤੇ ਸ਼ੱਕ ਕਾਰਨ ਪਤੀ ਤੇ ਜੇਠ ਨੇ ਕੀਤੀ ਗਰਭਵਤੀ ਦੀ ਹੱਤਿਆ, ਪੁਲਿਸ ਨੇ ਰੱਤਾ ਟਿੱਬਾ 'ਚ ਔਰਤ ਦੇ ਕਤਲ ਦੀ ਗੁੱਥੀ ਸੁਲਝਾਈ","Husband and Jeth killed a pregnant woman due to suspicion of her character, police solved the mystery of woman's murder in Ratta Tibba",FALSE,
17,"ਕ੍ਰਿਕਟ ਦੇ ਮੈਦਾਨ 'ਤੇ ਜਦੋਂ ਪਹਿਲੀ ਵਾਰ IND vs PAK ਦੀ ਹੋਈ ਟੱਕਰ, ਸਿਆਸੀ ਦਿੱਗਜ ਵੀ ਸਨ ਮੌਜੂਦ, ਪ੍ਰਸ਼ੰਸਕਾਂ ਦਾ ਆਇਆ ਹੜ੍ਹ","When IND vs PAK clashed for the first time on the cricket ground, political giants were also present, a flood of fans came
",FALSE,
18,"ਭਾਰਤ ਅਤੇ ਪਾਕਿਸਤਾਨ ਵਿਚਾਲੇ ਪਹਿਲਾ ਮੁਕਾਬਲਾ 1952-53 ਵਿੱਚ ਹੋਇਆ ਸੀ। ਇਸ ਮਹਾਨ ਮੁਕਾਬਲੇ ਨੂੰ ਲੈ ਕੇ ਅੱਜ ਜੋ ਮਾਹੌਲ ਬਣਾਇਆ ਜਾ ਰਿਹਾ ਹੈ, ਉਹ ਵੀ ਕਰੀਬ 71 ਸਾਲ ਪਹਿਲਾਂ ਬਣਿਆ ਸੀ। ਦੋਵਾਂ ਦੇਸ਼ਾਂ ਵਿਚਾਲੇ ਖੇਡੀ ਗਈ ਪਹਿਲੀ ਟੈਸਟ ਸੀਰੀਜ਼ ਨੂੰ ਦੇਖਣ ਲਈ ਪ੍ਰਸ਼ੰਸਕ ਵੱਡੀ ਗਿਣਤੀ 'ਚ ਇਕੱਠੇ ਹੋਏ ਸਨ। ਇਸ ਮੈਚ 'ਚ ਸਿਆਸਤ ਦੇ ਵੱਡੇ-ਵੱਡੇ ਦਿੱਗਜ ਆਪਣੀ ਹਾਜ਼ਰੀ ਦਰਜ ਕਰਵਾਉਣ ਪਹੁੰਚੇ ਸਨ।","The first match between India and Pakistan took place in 1952-53. The atmosphere that is being created today regarding this great competition was also created about 71 years ago. Fans gathered in large numbers to watch the first Test series played between the two countries. In this match, the big stalwarts of politics came to register their presence.",FALSE,
19,ਇਸਾਈ ਭਾਈਚਾਰੇ ਦੀਆਂ ਧਾਰਮਿਕ ਭਾਵਨਾਵਾਂ ਨੂੰ ਠੇਸ ਪਹੁੰਚਾਏ ਜਾਣ ਦੇ ਇਲਜਾਮ ’ਚ ਗਾਇਕ ਸਿੰਗਾ ਖ਼ਿਲਾਫ਼ ਮਾਮਲਾ ਦਰਜ,A case has been registered against singer Singa for allegedly hurting the religious sentiments of the Christian community,FALSE,
20,ਸੰਸਦ ਦਾ ਮੌਨਸੂਨ ਇਜਲਾਸ ਆਰੰਭ ਹੁੰਦੇ ਹੀ ਇਸ ਦੇ ਸੰਕੇਤ ਮਿਲਣ ਲੱਗੇ ਸਨ ਕਿ ਪਿਛਲੇ ਕਈ ਇਜਲਾਸਾਂ ਦੀ ਤਰ੍ਹਾਂ ਵਿਰੋਧੀ ਪਾਰਟੀਆਂ ਇਸ ਵਾਰ ਵੀ ਸਦਨ ਚੱਲਣ ਨਹੀਂ ਦੇਣਗੀਆਂ। ਅਖ਼ੀਰ ਅਜਿਹਾ ਹੀ ਹੋਇਆ। ਮਨੀਪੁਰ ਦੀ ਨਸਲੀ ਹਿੰਸਾ ਨੂੰ ਸੰਸਦ ਵਿਚ ਅੜਿੱਕੇ ਦਾ ਜ਼ਰੀਆ ਬਣਾਉਣ ਲਈ ਕਾਂਗਰਸ ਅਤੇ ਕੁਝ ਹੋਰ ਪਾਰਟੀਆਂ ਨੇ ਪਹਿਲਾਂ ਤੋਂ ਹੀ ਤਿਆਰੀ ਸ਼ੁਰੂ ਕਰ ਦਿੱਤੀ ਸੀ।,"As soon as the Monsoon session of the Parliament started, there were indications that like the previous sessions, the opposition parties will not allow the House to run this time as well. Finally it happened. The Congress and some other parties had already started preparations to make Manipur's ethnic violence a source of obstruction in the Parliament.",FALSE,
21,ਚੰਡੀਗੜ੍ਹ- ਪੰਜਾਬ ਨੂੰ ਖੇਡਾਂ ਦੇ ਖੇਤਰ ਵਿੱਚ ਦੇਸ਼ ਦਾ ਨੰਬਰ ਇਕ ਸੂਬਾ ਬਣਾਉਣ ਅਤੇ ਸੂਬੇ ਵਿੱਚ ਖੇਡ ਸੱਭਿਆਚਾਰ ਪੈਦਾ ਕਰਨ ਲਈ ਮੁੱਖ ਮੰਤਰੀ ਭਗਵੰਤ ਮਾਨ ਦੀ ਅਗਵਾਈ ਵਾਲੀ ਕੈਬਨਿਟ ਵੱਲੋਂ ਪਾਸ ਕੀਤੀ ਨਵੀਂ ਖੇਡ ਨੀਤੀ ਦੇ ਅੱਜ ਵੇਰਵੇ ਜਾਰੀ ਕਰਦਿਆਂ ਖੇਡ ਮੰਤਰੀ ਗੁਰਮੀਤ ਸਿੰਘ ਮੀਤ ਹੇਅਰ ਨੇ ਅੱਜ ਪੰਜਾਬ ਭਵਨ ਵਿਖੇ ਪ੍ਰੈਸ ਕਾਨਫਰੰਸ ਦੌਰਾਨ ਖਿਡਾਰੀਆਂ ਲਈ ਨਵੀਆਂ ਸੌਗਾਤਾਂ ਦਾ ਐਲਾਨ ਕੀਤਾ।,"Chandigarh- In order to make Punjab the number one state of the country in the field of sports and to create a sports culture in the state, Sports Minister Gurmeet Singh Meet Khair today released the details of the new sports policy passed by the Cabinet headed by Chief Minister Bhagwant Mann. During the press conference at the Bhavan, the new deals for the players were announced.",FALSE,
22,"ਇਸ ਵਾਰ ਏਸ਼ੀਆ ਕੱਪ 2023 ਦੀ ਮੇਜ਼ਬਾਨੀ ਪਾਕਿਸਤਾਨ ਅਤੇ ਸ਼੍ਰੀਲੰਕਾ ਸਾਂਝੇ ਤੌਰ 'ਤੇ ਕਰਨਗੇ। ਇਹ ਟੂਰਨਾਮੈਂਟ 30 ਅਗਸਤ ਤੋਂ ਸ਼ੁਰੂ ਹੋਵੇਗਾ। ਏਸ਼ੀਆ ਕੱਪ 'ਚ ਭਾਰਤ, ਪਾਕਿਸਤਾਨ, ਨੇਪਾਲ, ਬੰਗਲਾਦੇਸ਼, ਸ਼੍ਰੀਲੰਕਾ ਅਤੇ ਅਫਗਾਨਿਸਤਾਨ ਦੀਆਂ ਟੀਮਾਂ ਹਿੱਸਾ ਲੈਣਗੀਆਂ। ਟੂਰਨਾਮੈਂਟ ਦੇ ਸਾਰੇ ਮੈਚ ਭਾਰਤੀ ਸਮੇਂ ਮੁਤਾਬਕ ਦੁਪਹਿਰ 3 ਵਜੇ ਸ਼ੁਰੂ ਹੋਣਗੇ। ਇਹ ਟੂਰਨਾਮੈਂਟ ਦੋ ਹਿੱਸਿਆਂ ਵਿੱਚ ਖੇਡਿਆ ਜਾਵੇਗਾ। ਗਰੁੱਪ ਪੜਾਅ ਤੋਂ ਬਾਅਦ ਸੁਪਰ-4 ਰਾਊਂਡ ਹੋਵੇਗਾ।  19 ਦਿਨਾਂ ਵਿੱਚ ਕੁੱਲ 13 ਮੈਚ ਖੇਡੇ ਜਾਣਗੇ। ਪਹਿਲੇ ਮੈਚ ਵਿੱਚ ਪਾਕਿਸਤਾਨ ਦਾ ਸਾਹਮਣਾ ਮੁਲਤਾਨ ਵਿੱਚ ਨੇਪਾਲ ਨਾਲ ਹੋਵੇਗਾ।","This time Asia Cup 2023 will be jointly hosted by Pakistan and Sri Lanka. This tournament will start from August 30. Teams from India, Pakistan, Nepal, Bangladesh, Sri Lanka and Afghanistan will participate in the Asia Cup. All the matches of the tournament will start at 3 PM IST. This tournament will be played in two parts. The group stage will be followed by the Super-4 round. A total of 13 matches will be played in 19 days. In the first match, Pakistan will face Nepal in Multan.",FALSE,
23,ਦੇਸ਼ ਦੇ ਕਈ ਇਲਾਕਿਆਂ 'ਚ ਟਮਾਟਰ ਦੀਆਂ ਕੀਮਤਾਂ ਉੱਚ ਪੱਧਰ 'ਤੇ ਹਨ। ਪ੍ਰਚੂਨ ਬਾਜ਼ਾਰ ਵਿੱਚ ਟਮਾਟਰ 100 ਤੋਂ 160 ਰੁਪਏ ਪ੍ਰਤੀ ਕਿਲੋ ਦੇ ਹਿਸਾਬ ਨਾਲ ਵਿਕ ਰਿਹਾ ਹੈ। ਇਸ ਦੇ ਨਾਲ ਹੀ ਇਹ ਕੀਮਤ ਹੋਰ ਵਧ ਸਕਦੀ ਹੈ।,"Tomato prices are at a high level in many parts of the country. Tomato is selling at Rs 100 to 160 per kg in the retail market. Along with this, this price may increase further.
",FALSE,
24,"ਅੱਜ ਕੱਲ੍ਹ ਹਾਈ ਬਲੱਡ ਪ੍ਰੈਸ਼ਰ, ਸ਼ੂਗਰ, ਮੋਟਾਪਾ, ਭਾਰ ਵਧਣਾ ਅਤੇ ਕੈਂਸਰ ਵਰਗੀਆਂ ਗੰਭੀਰ ਬਿਮਾਰੀਆਂ ਤੇਜ਼ੀ ਨਾਲ ਵੱਧ ਰਹੀਆਂ ਹਨ। ਇਨ੍ਹਾਂ ਬਿਮਾਰੀਆਂ ਦਾ ਕਾਰਨ ਖਰਾਬ ਜੀਵਨ ਸ਼ੈਲੀ ਅਤੇ ਭੋਜਨ ਮੰਨਿਆ ਜਾਂਦਾ ਹੈ।","Nowadays, serious diseases like high blood pressure, diabetes, obesity, weight gain and cancer are increasing rapidly. The cause of these diseases is considered to be bad lifestyle and diet.",FALSE,
25,ਸਕੂਲ ਤੋਂ ਘਰ ਪਰਤ ਰਹੀ ਛੋਟੀ ਬੱਚੀ 'ਤੇ ਗਲੀ 'ਚ ਗਾਂ ਨੇ ਹਮਲਾ ਕਰ ਦਿੱਤਾ। ਇਸ ਦੌਰਾਨ ਲੋਕਾਂ ਨੇ ਪਥਰਾਅ ਕਰਕੇ ਗਾਂ ਨੂੰ ਭਜਾਉਣ ਦੀ ਪੂਰੀ ਕੋਸ਼ਿਸ਼ ਕੀਤੀ ਪਰ ਗਾਂ ਨੇ ਹਮਲਾ ਕਰਨਾ ਜਾਰੀ ਰੱਖਿਆ।,"A cow attacked a little girl returning home from school in the street. Meanwhile, people tried their best to drive away the cow by pelting stones, but the cow continued to attack.",FALSE,
26,ਬਾਇਓਫਲੇਵੋਨੋਇਡਸ ਵਿੱਚ ਐਂਟੀਆਕਸੀਡੈਂਟ ਗੁਣ ਪਾਏ ਜਾਂਦੇ ਹਨ। ਇਸ ਦਾ ਮਤਲਬ ਹੈ ਕਿ ਉਹ ਹਾਨੀਕਾਰਕ ਅਣੂਆਂ ਜਿਵੇਂ ਕਿ ਫ੍ਰੀ ਰੈਡੀਕਲਸ ਦੁਆਰਾ ਹੋਣ ਵਾਲੇ ਨੁਕਸਾਨ ਤੋਂ ਬਚਾਉਣ ਵਿੱਚ ਮਦਦ ਕਰਦੇ ਹਨ।,Bioflavonoids are found to have antioxidant properties. This means they help protect against damage caused by harmful molecules such as free radicals.,FALSE,
27,"ਏਸ਼ੀਆਈ ਖੇਡਾਂ ਵਿੱਚ ਭਾਰਤ ਦੀਆਂ ਉਮੀਦਾਂ ਨੂੰ ਵੱਡਾ ਝਟਕਾ ਲੱਗਿਆ ਹੈ। ਦਰਅਸਲ, ਭਾਰਤੀ ਪਹਿਲਵਾਨ ਵਿਨੇਸ਼ ਫੋਗਾਟ ਏਸ਼ੀਆਈ ਖੇਡਾਂ ਦਾ ਹਿੱਸਾ ਨਹੀਂ ਹੋਵੇਗੀ। ਦੱਸ ਦਈਏ ਕਿ ਐਤਵਾਰ ਨੂੰ ਵਿਨੇਸ਼ ਫੋਗਾਟ ਦੇ ਸੱਟ ਲੱਗ ਗਈ ਸੀ।","India's hopes have suffered a major setback in the Asian Games. In fact, Indian wrestler Vinesh Phogat will not be a part of the Asian Games. Let it be said that Vinesh Phogat was injured on Sunday.",FALSE,
28,"ਸਰਜਰੀ 17 ਅਗਸਤ ਨੂੰ ਮੁੰਬਈ ਵਿੱਚ ਹੋਣ ਵਾਲੀ ਹੈ। ਹਾਲਾਂਕਿ ਵਿਨੇਸ਼ ਫੋਗਾਟ ਦਾ ਏਸ਼ੀਆਈ ਖੇਡਾਂ ਤੋਂ ਬਾਹਰ ਹੋਣਾ ਭਾਰਤ ਲਈ ਵੱਡਾ ਝਟਕਾ ਮੰਨਿਆ ਜਾ ਰਿਹਾ ਹੈ। ਭਾਰਤੀ ਪ੍ਰਸ਼ੰਸਕਾਂ ਨੂੰ ਏਸ਼ੀਆਈ ਖੇਡਾਂ ਵਿੱਚ ਵਿਨੇਸ਼ ਫੋਗਾਟ ਤੋਂ ਤਗਮੇ ਦੀ ਉਮੀਦ ਸੀ, ਪਰ ਹੁਣ ਖ਼ਬਰ ਸਾਹਮਣੇ ਆਈ ਹੈ ਕਿ ਉਹ ਟੂਰਨਾਮੈਂਟ ਦਾ ਹਿੱਸਾ ਨਹੀਂ ਹੋਵੇਗੀ।","The surgery is scheduled to take place on August 17 in Mumbai. However, Vinesh Phogat's withdrawal from the Asian Games is being considered as a big blow for India. Indian fans were hoping for a medal from Vinesh Phogat at the Asian Games, but now news has emerged that she will not be a part of the tournament.",FALSE,
29,"ਬਾਰਿਸ਼ ਕਾਰਨ ਪੌਂਗ ਡੈਮ ’ਚ 7 ਲੱਖ ਕਿਊਸਿਕ ਪਾਣੀ ਦੀ ਹੋਈ ਆਮਦ, 5 ਜ਼ਿਲ੍ਹਿਆਂ ਦੇ ਵਾਸੀਆਂ ਨੂੰ ਨਦੀ ਦੇ ਨੇੜੇ ਨਾ ਜਾਣ ਦੀ ਸਲਾਹ, ਫੀਲਡ ਸਟਾਫ ਅਲਰਟ 'ਤੇ","7 lakh cusecs of water inflow in Pong Dam due to rain, residents of 5 districts advised not to go near the river, field staff on alert",FALSE,
30,ਖੰਨਾ ਦੇ ਪਿੰਡ ਈਸੜੂ ਵਿਖੇ ਮੁੱਖ ਮੰਤਰੀ ਭਗਵੰਤ ਮਾਨ ਗੋਆ ਦੀ ਆਜ਼ਾਦੀ ਦੇ ਮਹਾਨ ਸ਼ਹੀਦ ਕਰਨੈਲ ਸਿੰਘ ਨੂੰ ਸ਼ਰਧਾਂਜਲੀ ਭੇਟ ਕਰਨ ਲਈ ਪਹੁੰਚੇ। ਇਸ ਦੌਰਾਨ ਭਗਵੰਤ ਮਾਨ ਨੇ ਸ਼ਹੀਦ ਦੀ ਪਤਨੀ ਚਰਨਜੀਤ ਕੌਰ ਨੂੰ ਸਨਮਾਨਿਤ ਕੀਤਾ।,"Chief Minister Bhagwant Mann arrived at Isru village of Khanna to pay homage to Karnail Singh, the great martyr of Goa's independence. Meanwhile, Bhagwant Mann honored Charanjit Kaur, wife of the martyr.",FALSE,
31,"ਦੇਸ਼ ਦੀ ਆਜ਼ਾਦੀ ਦੇ 100 ਸਾਲ ਪੂਰੇ ਹੋਣ 'ਤੇ, ਸਾਲ 2047 ਵਿੱਚ, ਆਮਦਨ ਕਰ ਦੇ ਸਬੰਧ ਵਿੱਚ ਬਹੁਤ ਵਧੀਆ ਅੰਕੜਿਆਂ ਦੀ ਉਮੀਦ ਹੈ। ਐਸਬੀਆਈ ਨੇ ਇਸ ਸਬੰਧੀ ਇੱਕ ਵਿਸ਼ੇਸ਼ ਰਿਪੋਰਟ ਜਾਰੀ ਕੀਤੀ ਹੈ।","In the year 2047, when the country completes 100 years of independence, the income tax figures are expected to be very good. SBI has issued a special report in this regard.",FALSE,
32,"ਵਿੱਤੀ ਸਾਲ 2023 'ਚ ਦੇਸ਼ 'ਚ ਪ੍ਰਤੀ ਵਿਅਕਤੀ ਆਮਦਨ 2 ਲੱਖ ਰੁਪਏ ਰਹੀ ਹੈ, ਜੋ ਭਾਰਤ ਦੀ ਆਜ਼ਾਦੀ ਦੇ 100 ਸਾਲ ਪੂਰੇ ਹੋਣ 'ਤੇ ਲਗਭਗ 15 ਲੱਖ ਰੁਪਏ 'ਤੇ ਆ ਜਾਵੇਗੀ। ਸਾਲ 2047 ਵਿੱਚ ਇਸ ਦੇ 14.9 ਲੱਖ ਰੁਪਏ ਤੱਕ ਪਹੁੰਚਣ ਦੀ ਉਮੀਦ ਹੈ। ਡਾਲਰ ਦੇ ਰੂਪ ਵਿੱਚ, ਇਸ ਦੇ ਵਿੱਤੀ ਸਾਲ 2023 ਵਿੱਚ $2,500 ਤੋਂ $12,400 ਤੱਕ ਵਧਣ ਦੀ ਉਮੀਦ ਹੈ।","In the fiscal year 2023, the per capita income in the country is Rs 2 lakh, which will come down to around Rs 15 lakh when India completes 100 years of independence. It is expected to reach 14.9 lakh rupees in the year 2047. In dollar terms, it is expected to rise from $2,500 to $12,400 in fiscal 2023.",FALSE,
33,"ਮੁਲਾਂਕਣ ਸਾਲ 2012 ਦੇ ਮੁਕਾਬਲੇ, ਮੁਲਾਂਕਣ ਸਾਲ 2023 ਵਿੱਚ, 13.6 ਪ੍ਰਤੀਸ਼ਤ ਆਬਾਦੀ ਘੱਟ ਆਮਦਨੀ ਸਮੂਹ ਵਿੱਚੋਂ ਬਾਹਰ ਆਈ ਅਤੇ ਉੱਚ ਆਮਦਨੀ ਸਮੂਹ ਵਿੱਚ ਤਬਦੀਲ ਹੋ ਗਈ। ਇਸ ਤੋਂ ਇਲਾਵਾ ਸਾਲ 2047 ਤੱਕ 25 ਫੀਸਦੀ ਆਬਾਦੀ ਦੇ ਘੱਟ ਆਮਦਨ ਵਾਲੇ ਵਰਗ ਤੋਂ ਉੱਚ ਆਮਦਨੀ ਵਾਲੇ ਵਰਗ ਵਿੱਚ ਜਾਣ ਦੀ ਸੰਭਾਵਨਾ ਹੈ।","Compared to assessment year 2012, in assessment year 2023, 13.6 percent of the population moved out of the low income group and shifted to the high income group. In addition, by the year 2047, 25 percent of the population is likely to move from the low-income category to the high-income category.",FALSE,
34,ਸੰਯੁਕਤ ਅਰਬ ਅਮੀਰਾਤ (UAE) ਨੇ ਭਾਰਤ ਨਾਲ ਆਪਣੀ ਦੋਸਤੀ ਦਾ ਇਜ਼ਹਾਰ ਕਰਦਿਆਂ ਹੋਇਆਂ ਦੁਨੀਆ ਦੀ ਸਭ ਤੋਂ ਉੱਚੀ ਇਮਾਰਚ ਬੁਰਜ ਖਲੀਫਾ ਨੂੰ ਤਿਰੰਗੇ 'ਚ ਰੰਗ ਦਿੱਤਾ ਹੈ।,"The United Arab Emirates (UAE) has painted the Burj Khalifa, the tallest building in the world, in tricolor while expressing its friendship with India.",FALSE,
35,"ਚੰਡੀਗੜ੍ਹ ਦੇ ਪ੍ਰਸ਼ਾਸਕ ਬਨਵਾਰੀਲਾਲ ਪੁਰੋਹਿਤ ਨੇ ਤਿਰੰਗਾ ਲਹਿਰਾਇਆ। ਇਸ ਦੌਰਾਨ ਉਨ੍ਹਾਂ ਸ਼ਹਿਰ ਵਾਸੀਆਂ ਨੂੰ ਚੰਡੀਗੜ੍ਹ ਨੂੰ ਹੋਰ ਹਰਿਆ ਭਰਿਆ, ਸਾਫ਼ ਸੁਥਰਾ ਅਤੇ ਸ਼ਾਂਤਮਈ ਸ਼ਹਿਰ ਬਣਾਉਣ ਦੀ ਅਪੀਲ ਕੀਤੀ।","Chandigarh Administrator Banwarilal Purohit hoisted the tricolor. Meanwhile, he appealed to the city residents to make Chandigarh a greener, cleaner and peaceful city.",FALSE,
36,"ਇਕ ਰਿਪੋਰਟ ਮੁਤਾਬਕ ਜੇ ਤੁਸੀਂ 300 ਮਿਲੀਗ੍ਰਾਮ ਫਲੇਵੋਨਾਈਡ ਦਾ ਸੇਵਨ ਕਰਦੇ ਹੋ ਤਾਂ ਸ਼ੂਗਰ ਦਾ ਖ਼ਤਰਾ 5 ਫੀਸਦੀ ਤੱਕ ਘੱਟ ਜਾਂਦਾ ਹੈ। ਬਾਇਓਫਲੇਵੋਨੋਇਡਸ ਪ੍ਰਾਪਤ ਕਰਨ ਲਈ, ਤੁਸੀਂ ਖੱਟੇ ਫਲ, ਸੇਬ, ਹਰੀ ਚਾਹ, ਬੇਰੀਆਂ, ਡਾਰਕ ਚਾਕਲੇਟ, ਬਰੋਕਲੀ, ਹਰੀਆਂ ਪੱਤੇਦਾਰ ਸਬਜ਼ੀਆਂ ਅਤੇ ਰੈੱਡ ਵਾਈਨ ਦਾ ਸੇਵਨ ਕਰ ਸਕਦੇ ਹੋ। ਇਸ ਤੋਂ ਇਲਾਵਾ ਤੁਸੀਂ ਲਾਲ, ਨੀਲੇ ਅਤੇ ਜਾਮਨੀ ਰੰਗ ਦੇ ਫਲ ਅਤੇ ਸਬਜ਼ੀਆਂ ਖਾ ਸਕਦੇ ਹੋ।","According to a report, if you consume 300 mg of flavonoids, the risk of diabetes decreases by 5 percent. To get bioflavonoids, you can consume citrus fruits, apples, green tea, berries, dark chocolate, broccoli, green leafy vegetables and red wine. Apart from this you can eat red, blue and purple colored fruits and vegetables.",FALSE,
37,ਹਾਈ ਬਲੱਡ ਪ੍ਰੈਸ਼ਰ ਭਾਵ ਹਾਈਪਰਟੈਨਸ਼ਨ ਕਾਰਨ ਹਾਰਟ ਅਟੈਕ ਅਤੇ ਸਟ੍ਰੋਕ ਵਰਗੀਆਂ ਸਮੱਸਿਆਵਾਂ ਹੋ ਜਾਂਦੀਆਂ ਹਨ। ਆਮ ਬੀਪੀ 120/80 mmHg ਹੈ। ਜੇਕਰ ਇਸ ਤੋਂ ਜ਼ਿਆਦਾ ਵਧ ਜਾਵੇ ਤਾਂ ਇਸ ਨੂੰ ਹਾਈ ਬੀਪੀ ਮੰਨਿਆ ਜਾਂਦਾ ਹੈ। ਇਸ ਕਾਰਨ ਕਈ ਖਤਰਨਾਕ ਸਮੱਸਿਆਵਾਂ ਪੈਦਾ ਹੋ ਸਕਦੀਆਂ ਹਨ। ਬਹੁਤ ਘੱਟ ਲੋਕ ਜਾਣਦੇ ਹਨ ਕਿ ਹਰੀ ਇਲਾਇਚੀ  ਬਲੱਡ ਪ੍ਰੈਸ਼ਰ ਨੂੰ ਕੰਟਰੋਲ ਕਰਨ ਲਈ ਇੱਕ ਸ਼ਾਨਦਾਰ ਦਵਾਈ ਹੋ ਸਕਦੀ ਹੈ।,"High blood pressure i.e. hypertension causes problems like heart attack and stroke. Normal BP is 120/80 mmHg. If it increases more than this, it is considered as high BP. This can lead to many dangerous problems. Few people know that green cardamom can be an excellent medicine to control blood pressure.",FALSE,
38,ਪ੍ਰਧਾਨ ਮੰਤਰੀ ਨਰਿੰਦਰ ਮੋਦੀ ਨੇ 77ਵੇਂ ਸੁਤੰਤਰਤਾ ਦਿਵਸ 'ਤੇ ਲਾਲ ਕਿਲ੍ਹੇ ਤੋਂ ਆਪਣੇ ਸੰਬੋਧਨ ਵਿੱਚ ਮਣੀਪੁਰ ਦਾ ਜ਼ਿਕਰ ਕੀਤਾ। ਸੰਬੋਧਨ ਦੀ ਸ਼ੁਰੂਆਤ 'ਚ ਪੀਐੱਮ ਮੋਦੀ ਨੇ ਲੋਕਾਂ ਨੂੰ ਸ਼ਾਂਤੀ ਦੀ ਅਪੀਲ ਕਰਦੇ ਹੋਏ ਕਿਹਾ ਕਿ ਪਿਛਲੇ ਕੁਝ ਦਿਨਾਂ ਤੋਂ ਸ਼ਾਂਤੀ ਦੀਆਂ ਖਬਰਾਂ ਆ ਰਹੀਆਂ ਹਨ। ਇਸ 'ਤੇ ਕਾਂਗਰਸ ਨੇ ਜਵਾਬੀ ਕਾਰਵਾਈ ਕੀਤੀ ਹੈ।,"Prime Minister Narendra Modi mentioned Manipur in his address from the Red Fort on the 77th Independence Day. At the beginning of the address, PM Modi appealed to the people for peace and said that news of peace has been coming for the last few days. Congress has retaliated on this.",FALSE,
39,"ਜਥੇਦਾਰ ਗਿਆਨੀ ਹਰਪ੍ਰੀਤ ਸਿੰਘ ਨੇ ਕਿਹਾ ਕਿ  ਅੱਜ ਦੇ ਦਿਨ, ਪੂਰੇ ਭਾਰਤ 'ਚ ਵਜਦੇ ਬਾਜੇ ਤੂਤੀਆਂ ਦੀਆਂ ਅਵਾਜਾਂ ਨਾਲੋਂ 10 ਲੱਖ ਪੰਜਾਬੀਆਂ ਦੇ ਹਾਉਂਕੇ ਦੀਆਂ ਅਵਾਜਾਂ ਕਿਤੇ ਜਿਆਦਾ ਉੱਚੀਆਂ ਸੁਣਦੀਆਂ ਹਨ।","
Jathedar Giani Harpreet Singh said that today, the cries of one million Punjabis are louder than the sounds of trumpets playing across India.
",FALSE,
40,"2300 ਅਸਾਮੀਆਂ 'ਤੇ ਮੰਗੀ ਅਰਜ਼ੀਆਂ, 10ਵੀਂ ਪਾਸ ਨੂੰ ਬਿਨਾਂ ਪ੍ਰੀਖਿਆ ਮਿਲੇਗੀ ਨੌਕਰੀ
","Applications called for 2300 posts, 10th pass will get job without exam",FALSE,
41,"10ਵੀਂ ਪਾਸ ਉਮੀਦਵਾਰ ਗ੍ਰਾਮੀਣ ਡਾਕ ਸੇਵਕ, ਬ੍ਰਾਂਚ ਪੋਸਟਮਾਸਟਰ / ਅਸਿਸਟੈਂਟ ਬ੍ਰਾਂਚ ਪੋਸਟਮਾਸਟਰ  / ਡਾਕ ਸੇਵਕ (ਡਾਕ ਸੇਵਕ) ਦੀ ਭਰਤੀ ਲਈ ਅਰਜ਼ੀ ਦੇ ਸਕਦੇ ਹਨ। ਇਨ੍ਹਾਂ ਸਾਰੀਆਂ ਅਸਾਮੀਆਂ 'ਤੇ ਨੌਕਰੀ ਪ੍ਰਾਪਤ ਕਰਨ ਲਈ ਉਮੀਦਵਾਰ ਨੂੰ ਕੰਪਿਊਟਰ ਦਾ ਮੁੱਢਲਾ ਗਿਆਨ ਹੋਣਾ ਚਾਹੀਦਾ ਹੈ, ਸਾਈਕਲ ਚਲਾਉਣਾ ਜਾਣਨਾ ਚਾਹੀਦਾ ਹੈ। ਇਸ ਦੇ ਨਾਲ, ਤੁਸੀਂ 10ਵੀਂ ਜਮਾਤ ਵਿੱਚ ਗਣਿਤ ਅਤੇ ਅੰਗਰੇਜ਼ੀ ਦੀ ਪੜ੍ਹਾਈ ਕੀਤੀ ਹੋਣੀ ਚਾਹੀਦੀ ਹੈ। ","10th pass candidates can apply for the recruitment of Gramin Dak Sevak, Branch Postmaster / Assistant Branch Postmaster / Dak Sevak (Dak Sevak). Candidates should have basic knowledge of computer, should know how to ride a bicycle to get job in all these posts. Also, you must have studied Mathematics and English in 10th standard.",FALSE,
42,"ਭਾਖੜਾ ਡੈਮ 'ਚ ਪਾਣੀ ਦਾ ਪੱਧਰ ਵਧਿਆ, ਪ੍ਰਸ਼ਾਸਨ ਵੱਲੋਂ ਸਤਲੁਜ ਦੇ ਕੰਢਿਆਂ ਤੋਂ ਦੂਰ ਰਹਿਣ ਦਾ ਅਲਰਟ ਜਾਰੀ","Water level increased in Bhakra Dam, administration issued alert to stay away from banks of Sutlej",FALSE,
43,"ਨਿੰਬੂ ਪਾਣੀ ਨੂੰ ਸ਼ਹਿਦ ਵਿੱਚ ਮਿਲਾ ਕੇ ਪੀਣਾ ਭਾਰ ਘਟਾਉਣ ਲਈ ਆਮ ਗੱਲ ਹੈ। ਹਾਲਾਂਕਿ, ਜੇਕਰ ਤੁਸੀਂ ਨਾਨ-ਆਰਗੈਨਿਕ ਸ਼ਹਿਦ ਦੀ ਵਰਤੋਂ ਕਰ ਰਹੇ ਹੋ ਤਾਂ ਇਸ ਵਿੱਚ ਉੱਚ ਕੈਲੋਰੀ ਅਤੇ ਗਲਾਈਸੈਮਿਕ ਇੰਡੈਕਸ ਸਮੱਗਰੀ ਹੋ ਸਕਦੀ ਹੈ, ਜੋ ਚਰਬੀ ਨੂੰ ਘਟਾਉਣ ਦੀ ਬਜਾਏ ਬਲੱਡ ਸ਼ੂਗਰ ਦੇ ਪੱਧਰ ਨੂੰ ਵਧਾ ਸਕਦੀ ਹੈ।","Drinking lemon water mixed with honey is common for weight loss. However, if you are using non-organic honey it may have high calorie and glycemic index content, which can increase blood sugar levels instead of reducing fat.",FALSE,
44,"ਖਾਲੀ ਪੇਟ ਮਿੱਠਾ ਨਾਸ਼ਤਾ ਕਰਨ ਤੋਂ ਬਚੋ। ਸਵੇਰੇ ਮਿੱਠੇ ਵਾਲੇ ਭੋਜਨਾਂ ਦਾ ਸੇਵਨ ਕਰਨ ਨਾਲ ਬਲੱਡ ਸ਼ੂਗਰ ਦੇ ਪੱਧਰ ਵਿੱਚ ਤੇਜ਼ੀ ਨਾਲ ਵਾਧਾ ਹੋ ਸਕਦਾ ਹੈ ਅਤੇ ਨਤੀਜੇ ਵਜੋਂ ਜਲਦੀ ਊਰਜਾ ਕਰੈਸ਼ ਹੋ ਸਕਦੀ ਹੈ। ਇਸ ਨਾਲ ਤੁਹਾਨੂੰ ਕੁਝ ਘੰਟਿਆਂ ਬਾਅਦ ਭੁੱਖ ਲੱਗ ਸਕਦੀ ਹੈ।

",Avoid having sweet breakfast on an empty stomach. Consuming sugary foods in the morning can cause a rapid rise in blood sugar levels and result in an early energy crash. This can make you feel hungry after a few hours.,FALSE,
45,"ਜਿਵੇਂ ਹੀ ਗਰਮੀਆਂ ਆਉਂਦੀਆਂ ਹਨ, ਬਹੁਤ ਸਾਰੇ ਲੋਕ ਆਪਣੇ ਘਰਾਂ ਨੂੰ ਠੰਡਾ ਰੱਖਣ ਲਈ ਏਅਰ ਕੰਡੀਸ਼ਨਰਾਂ 'ਤੇ ਨਿਰਭਰ ਹੋ ਜਾਂਦੇ ਹਨ। ਜਿੱਥੇ ਏਸੀ ਤੇਜ਼ ਗਰਮੀ ਤੋਂ ਜਲਦੀ ਰਾਹਤ ਪ੍ਰਦਾਨ ਕਰਦੇ ਹਨ, ਉੱਥੇ ਹੀ ਮਾਹਰ ਇਹ ਸਲਾਹ ਦਿੰਦੇ ਹਨ ਕਿ ਰਾਤ ਨੂੰ ਸੌਣ ਵੇਲੇ ਏਸੀ ਦੀ ਵਰਤੋਂ ਨਹੀਂ ਕਰਨੀ ਚਾਹੀਦੀ ਹੈ। ਰਾਤ ਭਰ AC ਚਲਾਉਣ ਦੇ ਕਈ ਨੁਕਸਾਨ ਹੁੰਦੇ ਹਨ। AC ਨੂੰ ਬੰਦ ਕਰਨਾ ਬਿਹਤਰ ਨੀਂਦ ਨੂੰ ਵਧਾ ਸਕਦਾ ਹੈ, ਦਰਦ ਨੂੰ ਘਟਾ ਸਕਦਾ ਹੈ, ਬਿਜਲੀ ਦੇ ਬਿੱਲ ਨੂੰ ਘਟਾ ਸਕਦਾ ਹੈ।","As summer approaches, many people rely on air conditioners to keep their homes cool. While ACs provide quick relief from intense heat, experts advise that ACs should not be used while sleeping at night. Running the AC overnight has several disadvantages. Turning off the AC can promote better sleep, reduce pain, lower electricity bills.",FALSE,
46,ਅਧਿਕਾਰਤ ਨੋਟ 'ਚ ਕਿਹਾ ਗਿਆ ਹੈ ਕਿ ਐਂਡ੍ਰਾਇਡ 'ਚ ਕਈ ਖਾਮੀਆਂ ਦੀ ਜਾਣਕਾਰੀ ਮਿਲੀ ਹੈ। ਹਮਲਾਵਰ ਸੰਵੇਦਨਸ਼ੀਲ ਜਾਣਕਾਰੀ ਇਕੱਠੀ ਕਰਨ ਅਤੇ ਨਿਸ਼ਾਨਾ ਸਿਸਟਮ ਨੂੰ ਕੰਟਰੋਲ ਕਰਨ ਲਈ ਇਹਨਾਂ ਖਾਮੀਆਂ ਦਾ ਫਾਇਦਾ ਉਠਾ ਸਕਦੇ ਹਨ।,"In the official note, it has been said that many flaws have been found in Android. Attackers can exploit these flaws to collect sensitive information and take control of the target system.",FALSE,
47,"ਰਾਸ਼ਟਰਪਤੀ ਦ੍ਰੋਪਦੀ ਮੁਰਮੂ ਨੇ ਰਾਸ਼ਟਰ ਨੂੰ ਸੰਬੋਧਿਤ ਕੀਤਾ, ਕਿਹਾ- ਭਾਰਤ ਨੇ ਚੁਣੌਤੀਆਂ ਨੂੰ ਮੌਕਿਆਂ ਵਿੱਚ ਬਦਲ ਦਿੱਤਾ ਹੈ
","President Draupadi Murmu addressed the nation, said- India has turned challenges into opportunities",FALSE,
48,"ਮਣੀਪੁਰ ਵਿੱਚ ਪਿਛਲੇ ਦਿਨਾਂ ਵਿੱਚ ਔਰਤਾਂ ਨਾਲ ਹੋਈ ਅਸ਼ਲੀਲਤਾ ਦੇਸ਼ ਲਈ ਸ਼ਰਮ ਵਾਲੀ ਗੱਲ ਹੈ। ਇਹ ਘਟਨਾ ਉਸ ਸਮੇਂ ਹੋਰ ਵੀ ਸ਼ਰਮਨਾਕ ਹੋ ਜਾਂਦੀ ਹੈ ਜਦੋਂ ਪੀੜਤ ਔਰਤਾਂ ਵਲੋਂ ਪੁਲਿਸ 'ਤੇ ਦੋਸ਼ ਲਗਾਇਆ ਜਾਂਦਾ ਹੈ ਕਿ ਉਨ੍ਹਾਂ ਨੂੰ ਪੁਲਿਸ ਨੇ ਭੀੜ ਦੇ ਹਵਾਲੇ ਕਰ ਦਿੱਤਾ ਸੀ। ਇਸ ਘਟਨਾ ਨੂੰ ਲੈ ਕੇ ਦੇਸ਼ ਭਰ 'ਚ ਪ੍ਰਦਰਸ਼ਨ ਕੀਤੇ ਜਾ ਰਹੇ ਹਨ ਤਾਂ ਜੋ ਪੀੜਤਾਂ ਨੂੰ ਇਨਸਾਫ ਮਿਲ ਸਕੇ ਅਤੇ ਅਜਿਹਾ ਹੀ ਕੁਝ ਪਠਾਨਕੋਟ 'ਚ ਵੀ ਦੇਖਣ ਨੂੰ ਮਿਲਿਆ, ਜਿੱਥੇ ਇਸਾਈ ਭਾਈਚਾਰੇ ਨੇ ਮਨੀਪੁਰ 'ਚ ਵਾਪਰੀ ਘਟਨਾ ਦੇ ਵਿਰੋਧ 'ਚ ਰੋਸ ਪ੍ਰਦਰਸ਼ਨ ਕਰਦੇ ਹੋਏ ਸ਼ਹਿਰ ਭਰ ਵਿੱਚ ਰੋਸ ਰੈਲੀ ਕੱਢੀ ਅਤੇ ਕੇਂਦਰ ਅਤੇ ਮਣੀਪੁਰ ਸਰਕਾਰ ਨੂੰ ਕੋਸਿਆ।","The indecency with women in Manipur in recent days is a matter of shame for the country. The incident becomes even more shameful when the victim women accuse the police that they were handed over to the mob by the police. Demonstrations are being held across the country regarding this incident so that the victims can get justice and something similar was seen in Pathankot, where the Christian community protested against the incident in Manipur. A protest rally was held across the city and slammed the Center and the Manipur government.",FALSE,
49,ਭਾਰਤੀ ਏਅਰਟੈੱਲ ਨੇ ਆਪਣੇ ਗਾਹਕਾਂ ਲਈ 99 ਰੁਪਏ ਦਾ ਨਵਾਂ ਪਲਾਨ ਪੇਸ਼ ਕੀਤਾ ਹੈ। ਇਹ ਪਲਾਨ ਅਸਲ ਵਿੱਚ ਇੱਕ ਅਸੀਮਤ ਡੇਟਾ ਪੈਕ ਹੈ। ਏਅਰਟੈੱਲ ਦਾ ਇਹ ਰਣਨੀਤਕ ਕਦਮ ਉਪਭੋਗਤਾਵਾਂ ਨੂੰ ਇੱਕ ਕਿਫਾਇਤੀ ਟੈਰਿਫ ਵਿਕਲਪ ਦੀ ਪੇਸ਼ਕਸ਼ ਦੇ ਨਾਲ ਔਸਤ ਆਮਦਨ ਪ੍ਰਤੀ ਉਪਭੋਗਤਾ  ਨੂੰ ਵਧਾਉਣ ਦੇ ਦੋਹਰੇ ਉਦੇਸ਼ਾਂ ਦੇ ਅਨੁਸਾਰ ਹੈ।,Bharti Airtel has introduced a new plan of Rs 99 for its customers. This plan is basically an unlimited data pack. This strategic move by Airtel is in line with the twin objectives of increasing average revenue per user while offering users an affordable tariff option.,FALSE,
50,"ਸਾਈਬਰ ਅਪਰਾਧੀ ਆਮ ਤੌਰ 'ਤੇ ਫਿਸ਼ਿੰਗ ਹਮਲਿਆਂ ਅਤੇ ਮਾਲਵੇਅਰ ਵਾਇਰਸਾਂ ਲਈ ਖਤਰਨਾਕ ਲਿੰਕਾਂ ਦੀ ਵਰਤੋਂ ਕਰਦੇ ਹਨ। ਇਨ੍ਹਾਂ ਲਿੰਕਾਂ 'ਤੇ ਕਲਿੱਕ ਕਰਨ ਨਾਲ, ਬੈਂਕ ਖਾਤੇ ਵਿੱਚੋਂ ਪੈਸੇ ਗਾਇਬ ਹੋਣ ਜਾਂ ਸੰਵੇਦਨਸ਼ੀਲ ਜਾਣਕਾਰੀ ਦੇ ਚੋਰੀ ਹੋਣ ਦਾ ਖ਼ਤਰਾ ਰਹਿੰਦਾ ਹੈ। ਇਹ ਲਿੰਕ ਸੋਸ਼ਲ ਮੀਡੀਆ, ਸੰਦੇਸ਼ਾਂ ਜਾਂ ਈ-ਮੇਲਾਂ 'ਤੇ ਕਿਤੇ ਵੀ ਆ ਸਕਦੇ ਹਨ। ","Cybercriminals commonly use malicious links for phishing attacks and malware viruses. By clicking on these links, there is a risk of money disappearing from a bank account or sensitive information being stolen. These links can appear anywhere on social media, messages or e-mails.",FALSE,
51,ਇੱਕ ਅਧਿਕਾਰੀ ਨੇ ਦੱਸਿਆ ਕਿ ਸ਼ਿਮਲਾ ਦੇ ਸਮਰ ਹਿੱਲ ਖੇਤਰ ਵਿੱਚ ਬੁੱਧਵਾਰ ਨੂੰ ਇੱਕ ਵੱਡੇ ਢਿੱਗਾਂ ਡਿੱਗਣ ਦੀ ਸੂਚਨਾ ਮਿਲੀ ਹੈ। ਘਟਨਾ ਦੀ ਸੂਚਨਾ ਮਿਲਣ ਤੋਂ ਬਾਅਦ ਤਲਾਸ਼ੀ ਅਤੇ ਬਚਾਅ ਮੁਹਿੰਮ ਚਲਾਈ ਗਈ। ਇਸ ਘਟਨਾ ਵਿੱਚ ਕਿਸੇ ਜਾਨੀ ਜਾਂ ਜ਼ਖਮੀ ਹੋਣ ਦੀ ਤੁਰੰਤ ਕੋਈ ਰਿਪੋਰਟ ਨਹੀਂ ਹੈ।,"A major landslide was reported in Shimla's Summer Hill area on Wednesday, an official said. A search and rescue operation was launched after the incident was reported. There were no immediate reports of casualties or injuries in the incident.",FALSE,